,str_sub.address.3...2..3.
1,NY
2,TX
3,OR
4,FL
5,CA
6,NY
7,GA
8,Ge
9,Ge
10,50
11,US
12,GA
13,VA
14,VA
15,VA
16,VA
17,VA
18,AZ
19,LA
20,CA
21,MD
22,MD
23,SC
24,OH
25,GA
26,CO
27,KS
28,OH
29,OH
30,KS
31,MN
32,St
33,CA
34,CA
35,CT
36,US
37,NA
38,CA
39,CA
40,MS
41,MO
42,OH
43,NC
44,GA
45,OH
46,PA
47,PA
48,PA
49,PA
50,PA
51,PA
52,PA
53,CA
54,CA
55,OK
56,NC
57,OK
58,OK
59,US
60,Ri
61,CA
62,IL
63,IL
64,ID
65,TX
66,IL
67,US
68,MI
69,PA
70,TX
71,TX
72,US
73,GA
74,Mc
75,LA
76,AZ
77,MB
78,KS
79,MA
80,TN
81,NY
82,CA
83,CA
84,CA
85,CA
86,CA
87,CA
88,Be
89,OH
90,NA
91,GA
92,US
93,KS
94,KS
95,KS
96,KS
97,IL
98,IL
99,Se
100,IN
101,Ja
102,BC
103,PA
104,OH
105,OH
106,OH
107,FL
108,NA
109,GA
110,GA
111,GA
112,GA
113,GA
114,GA
115,OH
116,OK
117,WA
118,LA
119,WI
120,OH
121,OH
122,OH
123,OH
124,IN
125,IN
126,NY
127,NY
128,NY
129,NY
130,NA
131,NA
132,TX
133,Ca
134,WA
135,DC
136,IA
137,IL
138,TX
139,Me
140,SD
141,TX
142,CA
143,NY
144,KY
145,KS
146,Ir
147,VA
148,TX
149,GA
150,GA
151,GA
152,GA
153,GA
154,GA
155,GA
156,GA
157,GA
158,CA
159,ON
160,PA
161,Se
162,US
163,CA
164,Co
165,CA
166,CA
167,CA
168,Ca
169,NJ
170,NJ
171,NJ
172,DC
173,MA
174,Se
175,IN
176,NY
177,US
178,KS
179,DE
180,FL
181,TX
182,KS
183,US
184,US
185,St
186,IN
187,Ni
188,TN
189,WA
190,US
191,ON
192,US
193,CA
194,US
195,IL
196,IL
197,IL
198,CA
199,UT
200,NY
201,FL
202,AB
203,CA
204,AB
205,WI
206,ME
207,IL
208,NJ
209,NJ
210,TN
211,IL
212,CA
213,CA
214,CA
215,CA
216,CA
217,CA
218,CA
219,AL
220,St
221,St
222,AR
223,KS
224,DC
225,NY
226,Fr
227,GA
228,CA
229,KS
230,US
231,US
232,NY
233,NY
234,WA
235,VA
236,TX
237,NY
238,CA
239,CA
240,CT
241,CT
242,DC
243,CA
244,NY
245,IL
246,TX
247,Ja
248,US
249,US
250,CO
251,CA
252,MD
253,CA
254,NV
255,NV
256,CA
257,CA
258,CA
259,MD
260,IL
261,CA
262,NY
263,MD
264,MD
265,TN
266,ND
267,IN
268,IL
269,NA
270,OH
271,KS
272,St
273,TN
274,CA
275,AR
276,CO
277,WA
278,OK
279,VA
280,NY
281,OH
282,GA
283,CO
284,Ru
285,La
286,No
287,IL
288,ON
289,IN
290,OH
291,PA
292,KS
293,CA
294,NC
295,IN
296,NC
297,OH
298,OH
299,WI
300,CA
301,CA
302,Mi
303,CA
304,AL
305,CA
306,WA
307,AL
308,WV
309,US
310,Wh
311,TN
312,TX
313,KS
314,KS
315,US
316,NC
317,NC
318,NC
319,NC
320,CO
321,KS
322,FL
323,LA
324,FL
325,DC
326,Ca
327,CT
328,TN
329,MA
330,LA
331,OH
332,OH
333,ON
334,IL
335,GA
336,DE
337,PA
338,MO
339,MO
340,US
341,NC
342,MD
343,ON
344,St
345,KY
346,CA
347,IA
348,IA
349,SC
350,NY
351,NY
352,CA
353,TX
354,US
355,NV
356,VA
357,ho
358,NV
359,NV
360,NJ
361,CO
362,NC
363,NC
364,NC
365,NC
366,MO
367,OH
368,AZ
369,OH
370,FL
371,MD
372,AB
373,WV
374,ID
375,NC
376,Mc
377,KY
378,MS
379,GA
380,TN
381,CA
382,CA
383,NV
384,NV
385,NY
386,NV
387,KS
388,WI
389,WI
390,SC
391,MO
392,TX
393,TX
394,81
395,La
396,OH
397,CA
398,OK
399,MD
400,MD
401,Co
402,WA
403,PA
404,OH
405,CO
406,er
407,GA
408,CA
409,KS
410,PA
411,WA
412,GA
413,GA
414,OH
415,OH
416,US
417,NA
418,WA
419,WA
420,WA
421,WA
422,MA
423,DC
424,US
425,NA
426,US
427,OH
428,KS
429,DC
430,DC
431,MO
432,CA
433,Se
434,WA
435,OK
436,KS
437,Co
438,ON
439,KS
440,KS
441,TN
442,SC
443,NC
444,OR
445,OR
446,OR
447,OR
448,OR
449,OR
450,OR
451,OR
452,OR
453,OR
454,OR
455,OR
456,OR
457,OH
458,OH
459,Ca
460,NC
461,CT
462,CO
463,Po
464,TX
465,KS
466,FL
467,Mi
468,Co
469,IL
470,GA
471,De
472,GA
473,MD
474,VA
475,US
476,CA
477,NY
478,OK
479,IN
480,IN
481,PA
482,KS
483,Co
484,WA
485,US
486,MD
487,Sw
488,CA
489,FL
490,OR
491,IN
492,CA
493,GA
494,OR
495,OH
496,VA
497,US
498,CT
499,NA
500,KS
501,KS
502,KS
503,KS
504,KS
505,KS
506,KS
507,KS
508,KS
509,MD
510,TN
511,TX
512,Co
513,Co
514,OH
515,Co
516,US
517,KS
518,OR
519,OR
520,OR
521,MI
522,LA
523,LA
524,UK
525,CO
526,US
527,OH
528,Co
529,ON
530,CT
531,TX
532,TX
533,TX
534,MO
535,KS
536,NY
537,WV
538,KY
539,FL
540,DC
541,FL
542,US
543,MI
544,MI
545,MI
546,MI
547,MO
548,UK
549,KS
550,Co
551,Co
552,US
553,US
554,KS
555,GA
556,NY
557,AZ
558,ME
559,OH
560,NC
561,AL
562,SC
563,TX
564,Pr
565,GA
566,Co
567,CA
568,OH
569,TN
570,US
571,WY
572,BC
573,OK
574,TX
575,TX
576,AZ
577,GA
578,GA
579,GA
580,US
581,DC
582,IN
583,NY
584,Co
585,SC
586,Ch
587,TX
588,MA
589,CA
590,TX
591,TX
592,NY
593,TX
594,KS
595,ME
596,Ge
597,TX
598,OK
599,AB
600,AL
601,Ca
602,FL
603,TX
604,Do
605,OR
606,NY
607,PA
608,GA
609,WI
610,CT
611,CT
612,CT
613,WA
614,CA
615,0
616,OK
617,AR
618,KS
619,Ug
620,NY
621,CA
622,Br
623,NJ
624,TX
625,Et
626,PA
627,US
628,US
629,TX
630,Co
631,TX
632,MA
633,TN
634,MT
635,CA
636,CA
637,VA
638,VA
639,Ar
640,KS
641,RI
642,FL
643,CT
644,UK
645,CA
646,CA
647,CA
648,Ta
649,NY
650,LA
651,LA
652,Sa
653,IA
654,OK
655,NY
656,PA
657,KS
658,KS
659,LA
660,KS
661,KS
662,KS
663,KS
664,US
665,CA
666,Ka
667,KS
668,GA
669,MD
670,KS
671,UK
672,FL
673,MO
674,OH
675,CA
676,TN
677,OH
678,US
679,US
680,FL
681,ON
682,Is
683,KS
684,FL
685,NM
686,MO
687,CA
688,US
689,St
690,WV
691,NJ
692,CA
693,NY
694,QC
695,DC
696,MO
697,NC
698,NC
699,MO
700,AZ
701,IN
702,IN
703,GA
704,CA
705,US
706,IN
707,SD
708,CA
709,Se
710,Fi
711,US
712,KS
713,OR
714,TX
715,MS
716,Co
717,Co
718,Co
719,Co
720,Co
721,TX
722,TX
723,NA
724,VA
725,OR
726,KS
727,AZ
728,ON
729,US
730,AB
731,NC
732,CO
733,Se
734,CA
735,SC
736,KS
737,OR
738,LA
739,OK
740,DC
741,KS
742,OK
743,TX
744,MD
745,TX
746,Ni
747,KS
748,DC
749,CT
750,NY
751,78
752,CA
753,KS
754,IN
755,MN
756,TX
757,MA
758,TX
759,US
760,NY
761,OK
762,FL
763,IL
764,TX
765,NY
766,VA
767,TX
768,GA
769,NY
770,US
771,US
772,US
773,US
774,US
775,US
776,US
777,US
778,CT
779,TX
780,UK
781,UK
782,NY
783,MA
784,NM
785,DC
786,DC
787,DC
788,KS
789,NA
790,CA
791,WV
792,GA
793,GA
794,GA
795,KS
796,KS
797,Po
798,TX
799,LA
800,OH
801,WA
802,MA
803,MA
804,MA
805,MA
806,ON
807,DC
808,NY
809,Co
810,BC
811,NY
812,Se
813,US
814,Ma
815,WA
816,TX
817,TX
818,US
819,VA
820,US
821,KS
822,KS
823,KS
824,OH
825,OH
826,CA
827,OH
828,ID
829,NJ
830,AR
831,St
832,MI
833,TN
834,CA
835,NY
836,OH
837,GA
838,TX
839,Ni
840,TN
841,S√£
842,MO
843,Co
844,CA
845,NY
846,OH
847,TX
848,LA
849,CA
850,VA
851,AZ
852,MO
853,MO
854,NY
855,MO
856,Se
857,Co
858,KS
859,KS
860,KS
861,MB
862,CA
863,US
864,CA
865,PA
866,Wo
867,GA
868,ON
869,ON
870,TN
871,Lo
872,KS
873,KS
874,KS
875,KS
876,KS
877,KS
878,MI
879,UK
880,Ca
881,AR
882,MD
883,OR
884,NY
885,Co
886,NJ
887,US
888,TX
889,OH
890,OH
891,OH
892,IA
893,DE
894,US
895,US
896,MD
897,ON
898,MD
899,Co
900,DC
901,KS
902,KS
903,KS
904,KS
905,NY
906,IN
907,SC
908,PA
909,CA
910,CA
911,CA
912,CA
913,CA
914,CA
915,CA
916,CA
917,CA
918,CA
919,NY
920,Ka
921,TX
922,Co
923,CA
924,DC
925,TX
926,CO
927,WV
928,KY
929,OK
930,CA
931,Ca
932,NH
933,KS
934,WV
935,WV
936,AB
937,TX
938,IN
939,IN
940,Be
941,Be
942,IN
943,UT
944,Co
945,US
946,AZ
947,OH
948,Ri
949,TX
950,OK
951,ON
952,ON
953,IL
954,TN
955,Co
956,NY
957,CA
958,NY
959,KS
960,US
961,TX
962,US
963,US
964,OR
965,OR
966,OK
967,CA
968,NV
969,PA
970,TX
971,MI
972,TN
973,TN
974,No
975,IL
976,IL
977,GA
978,CA
979,KS
980,WV
981,MD
982,NC
983,PA
984,CO
985,MD
986,TX
987,UK
988,VA
989,AL
990,QC
991,CA
992,ON
993,UK
994,GA
995,TX
996,TX
997,TX
998,TX
999,NA
1000,US
1001,CO
1002,US
1003,Co
1004,US
1005,WI
1006,IN
1007,KY
1008,NA
1009,NY
1010,AL
1011,KS
1012,CA
1013,MA
1014,TX
1015,TX
1016,50
1017,OK
1018,NA
1019,CA
1020,Co
1021,Co
1022,Co
1023,MA
1024,FL
1025,KS
1026,IL
1027,50
1028,OH
1029,NY
1030,KS
1031,CA
1032,CA
1033,Co
1034,Co
1035,ON
1036,LA
1037,Co
1038,KS
1039,FL
1040,MN
1041,Ce
1042,UT
1043,Co
1044,Co
1045,CA
1046,TX
1047,DC
1048,Hu
1049,OH
1050,OK
1051,IL
1052,MI
1053,TX
1054,CA
1055,Mi
1056,Co
1057,IL
1058,CA
1059,CA
1060,CA
1061,IN
1062,US
1063,ME
1064,OH
1065,TN
1066,PA
1067,OH
1068,OK
1069,KS
1070,CT
1071,GA
1072,US
1073,OH
1074,MS
1075,OK
1076,FL
1077,FL
1078,FL
1079,FL
1080,OH
1081,De
1082,St
1083,TX
1084,Co
1085,Fi
1086,VA
1087,VA
1088,TX
1089,LA
1090,OH
1091,Co
1092,PA
1093,NA
1094,MA
1095,LA
1096,PA
1097,OK
1098,KS
1099,WI
1100,NA
1101,MO
1102,TX
1103,Co
1104,IN
1105,IL
1106,Sa
1107,OH
1108,NY
1109,Ma
1110,MA
1111,NY
1112,PA
1113,Se
1114,PA
1115,US
1116,Ka
1117,CA
1118,US
1119,KS
1120,TX
1121,PA
1122,AZ
1123,CA
1124,OH
1125,Ir
1126,OK
1127,PA
1128,MA
1129,TX
1130,NC
1131,Au
1132,NJ
1133,0
1134,GA
1135,TX
1136,MA
1137,IA
1138,SC
1139,Me
1140,KS
1141,ON
1142,CO
1143,KS
1144,GA
1145,La
1146,PA
1147,VA
1148,TN
1149,NY
1150,DC
1151,CA
1152,NY
1153,GA
1154,GA
1155,GA
1156,UK
1157,WA
1158,46
1159,TX
1160,CA
1161,CA
1162,GA
1163,NC
1164,WA
1165,TN
1166,IL
1167,PA
1168,TX
1169,KS
1170,KS
1171,KS
1172,KS
1173,TX
1174,CA
1175,TX
1176,US
1177,Pa
1178,GA
1179,MD
1180,NY
1181,DE
1182,OK
1183,Se
1184,Se
1185,MA
1186,OH
1187,ON
1188,Ni
1189,DC
1190,NJ
1191,CT
1192,NJ
1193,TX
1194,KS
1195,TX
1196,KS
1197,KS
1198,ON
1199,VA
1200,KS
1201,FL
1202,UK
1203,TX
1204,PA
1205,KS
1206,ON
1207,MA
1208,OH
1209,NY
1210,CA
1211,CA
1212,US
1213,FL
1214,TX
1215,US
1216,KS
1217,Po
1218,TX
1219,TX
1220,MN
1221,CA
1222,FL
1223,MO
1224,MO
1225,St
1226,IL
1227,NY
1228,Ta
1229,AL
1230,CA
1231,CA
1232,CA
1233,CA
1234,CA
1235,CA
1236,KS
1237,KS
1238,OH
1239,OH
1240,Po
1241,VA
1242,NE
1243,PA
1244,DC
1245,NV
1246,CA
1247,IA
1248,OK
1249,NY
1250,NY
1251,US
1252,SD
1253,PA
1254,KY
1255,DE
1256,PA
1257,GA
1258,CA
1259,IL
1260,US
1261,GA
1262,MI
1263,UK
1264,US
1265,NY
1266,UK
1267,WA
1268,FL
1269,TX
1270,US
1271,NC
1272,NC
1273,US
1274,PA
1275,Co
1276,DC
1277,Th
1278,CA
1279,ON
1280,PA
1281,NA
1282,NY
1283,NA
1284,Ge
1285,US
1286,NY
1287,GA
1288,AL
1289,IL
1290,UK
1291,US
1292,NC
1293,MI
1294,NY
1295,NY
1296,NY
1297,OH
1298,MO
1299,VA
1300,No
1301,US
1302,WY
1303,US
1304,NY
1305,NY
1306,NA
1307,Co
1308,KS
1309,KS
1310,KS
1311,MA
1312,CA
1313,IA
1314,IN
1315,DC
1316,LA
1317,AZ
1318,VA
1319,AB
1320,NA
1321,OH
1322,DC
1323,NV
1324,TX
1325,TX
1326,NY
1327,TX
1328,LA
1329,OK
1330,US
1331,NY
1332,KS
1333,KS
1334,US
1335,GA
1336,CA
1337,US
1338,NC
1339,KS
1340,NY
1341,NY
1342,MN
1343,FL
1344,NY
1345,OH
1346,OH
1347,DC
1348,CA
1349,US
1350,KS
1351,TN
1352,ON
1353,MD
1354,KY
1355,DE
1356,NY
1357,NY
1358,ON
1359,US
1360,US
1361,WV
1362,GA
1363,KY
1364,PA
1365,ON
1366,OH
1367,GA
1368,GA
1369,NJ
1370,CA
1371,CA
1372,CA
1373,CA
1374,KS
1375,MD
1376,TX
1377,CA
1378,OK
1379,WV
1380,WV
1381,US
1382,PA
1383,GA
1384,IA
1385,OR
1386,KY
1387,IN
1388,St
1389,TX
1390,CA
1391,MA
1392,KS
1393,MA
1394,PA
1395,US
1396,OH
1397,RI
1398,KS
1399,GA
1400,KS
1401,US
1402,CA
1403,MO
1404,IL
1405,WI
1406,CT
1407,TX
1408,OK
1409,PA
1410,KS
1411,MA
1412,MA
1413,MA
1414,NA
1415,MA
1416,CA
1417,CA
1418,CA
1419,TX
1420,NA
1421,US
1422,KS
1423,Be
1424,Ca
1425,US
1426,US
1427,TX
1428,UT
1429,GA
1430,Ni
1431,MN
1432,KS
1433,PA
1434,Ca
1435,FL
1436,Ir
1437,WI
1438,OH
1439,US
1440,Fi
1441,CO
1442,US
1443,Ca
1444,KS
1445,TX
1446,NY
1447,NY
1448,NY
1449,CA
1450,St
1451,US
1452,IN
1453,TX
1454,La
1455,OH
1456,US
1457,GA
1458,GA
1459,KY
1460,CT
1461,LA
1462,MD
1463,IL
1464,US
1465,KS
1466,TX
1467,NJ
1468,KS
1469,ME
1470,NC
1471,CT
1472,KS
1473,KS
1474,KS
1475,IL
1476,TX
1477,TX
1478,VA
1479,OK
1480,US
1481,TN
1482,Mi
1483,MI
1484,NH
1485,NY
1486,AZ
1487,NY
1488,TX
1489,IL
1490,PA
1491,OR
1492,NY
1493,OH
1494,KS
1495,TX
1496,AZ
1497,KS
1498,TX
1499,De
1500,MD
1501,MD
1502,MD
1503,MD
1504,MO
1505,GA
1506,US
1507,NY
1508,VA
1509,ON
1510,DC
1511,SC
1512,Pa
1513,VA
1514,US
1515,MI
1516,CT
1517,KY
1518,US
1519,PA
1520,Se
1521,OH
1522,OH
1523,BC
1524,PA
1525,GA
1526,De
1527,US
1528,MD
1529,Qu
1530,KS
1531,PA
1532,UK
1533,PA
1534,Ce
1535,TX
1536,CA
1537,US
1538,Se
1539,AB
1540,MD
1541,TN
1542,OH
1543,US
1544,US
1545,Me
1546,US
1547,KS
1548,RI
1549,RI
1550,DC
1551,DC
1552,PA
1553,Ta
1554,US
1555,US
1556,TN
1557,Ke
1558,IA
1559,GA
1560,GA
1561,GA
1562,Co
1563,DC
1564,AR
1565,NM
1566,Ca
1567,NV
1568,KY
1569,IN
1570,MN
1571,MN
1572,Ir
1573,DC
1574,DC
1575,DC
1576,DC
1577,NY
1578,PA
1579,NY
1580,NA
1581,US
1582,KS
1583,US
1584,KS
1585,OK
1586,US
1587,NY
1588,MA
1589,UK
1590,1
1591,St
1592,IN
1593,NA
1594,NY
1595,AR
1596,IL
1597,Ne
1598,Se
1599,TN
1600,AZ
1601,AZ
1602,OK
1603,Mc
1604,MD
1605,IL
1606,NY
1607,US
1608,OH
1609,TX
1610,TX
1611,St
1612,0
1613,WI
1614,KS
1615,Co
1616,LA
1617,DE
1618,MA
1619,Mi
1620,TX
1621,TX
1622,KS
1623,MA
1624,Co
1625,FL
1626,VA
1627,TX
1628,OH
1629,OH
1630,OH
1631,DC
1632,DC
1633,Ma
1634,KY
1635,NY
1636,LA
1637,ME
1638,NJ
1639,NY
1640,TX
1641,MB
1642,PA
1643,IN
1644,NY
1645,NY
1646,MS
1647,TX
1648,US
1649,IL
1650,NY
1651,TX
1652,OH
1653,NC
1654,Co
1655,Ma
1656,NY
1657,GA
1658,US
1659,La
1660,VA
1661,TX
1662,Mc
1663,MD
1664,TX
1665,PA
1666,NA
1667,GA
1668,LA
1669,NJ
1670,OH
1671,IL
1672,La
1673,Mi
1674,TX
1675,WI
1676,La
1677,NV
1678,NY
1679,KS
1680,Ka
1681,St
1682,La
1683,OH
1684,AL
1685,PA
1686,FL
1687,FL
1688,La
1689,NH
1690,Gh
1691,TN
1692,NA
1693,ON
1694,ON
1695,VT
1696,VT
1697,KY
1698,MN
1699,FL
1700,OK
1701,OK
1702,TX
1703,MI
1704,IL
1705,NY
1706,NY
1707,MA
1708,M√°
1709,CO
1710,KS
1711,OH
1712,AR
1713,NY
1714,PA
1715,NY
1716,TX
1717,US
1718,NY
1719,DC
1720,MI
1721,US
1722,US
1723,US
1724,TX
1725,US
1726,CA
1727,MA
1728,KS
1729,NY
1730,KY
1731,US
1732,Gr
1733,Co
1734,MS
1735,Ri
1736,MA
1737,UK
1738,PA
1739,WI
1740,TX
1741,CT
1742,FL
1743,FL
1744,St
1745,Un
1746,No
1747,ON
1748,NV
1749,MA
1750,MD
1751,Ir
1752,MA
1753,IN
1754,ON
1755,UK
1756,NA
1757,KS
1758,US
1759,NA
1760,DC
1761,DC
1762,Je
1763,US
1764,US
1765,US
1766,DC
1767,AL
1768,OH
1769,TX
1770,NY
1771,NY
1772,GA
1773,De
1774,Kh
1775,RI
1776,KS
1777,TX
1778,Ca
1779,MA
1780,1
1781,DC
1782,MS
1783,St
1784,ME
1785,TX
1786,TX
1787,MA
1788,KS
1789,MA
1790,NA
1791,DC
1792,De
1793,No
1794,No
1795,No
1796,VA
1797,NY
1798,NY
1799,MA
1800,FL
1801,WI
1802,VA
1803,SC
1804,US
1805,MA
1806,NH
1807,UK
1808,CO
1809,KS
1810,FL
1811,KS
1812,CA
1813,KS
1814,Fr
1815,Fi
1816,TX
1817,KY
1818,NC
1819,OH
1820,29
1821,OH
1822,CA
1823,DC
1824,CO
1825,Fr
1826,WA
1827,OH
1828,CT
1829,UK
1830,TX
1831,IL
1832,US
1833,CO
1834,ON
1835,PA
1836,US
1837,US
1838,MD
1839,OH
1840,Fr
1841,TX
1842,TX
1843,PA
1844,PA
1845,PA
1846,PA
1847,Au
1848,KS
1849,DC
1850,DC
1851,US
1852,NY
1853,Le
1854,NA
1855,NC
1856,KS
1857,MI
1858,TX
1859,61
1860,AR
1861,PA
1862,NA
1863,DC
1864,Pe
1865,OH
1866,CA
1867,GA
1868,PA
1869,St
1870,OH
1871,OH
1872,CA
1873,UK
1874,UK
1875,CT
1876,La
1877,UK
1878,IA
1879,CO
1880,CO
1881,AR
1882,De
1883,NY
1884,UK
1885,NV
1886,Ce
1887,Ce
1888,Ce
1889,Ce
1890,CA
1891,CA
1892,CA
1893,CA
1894,CA
1895,CA
1896,OK
1897,CA
1898,FL
1899,TX
1900,Zi
1901,La
1902,KS
1903,CA
1904,NA
1905,US
1906,Le
1907,RI
1908,IA
1909,FL
1910,AR
1911,NY
1912,OH
1913,UK
1914,Bo
1915,Au
1916,PA
1917,FL
1918,No
1919,TN
1920,UK
1921,Je
1922,Je
1923,UT
1924,10
1925,US
1926,KS
1927,80
1928,NA
1929,NA
1930,US
1931,TN
1932,28
1933,CA
1934,NJ
1935,AL
1936,AL
1937,La
1938,US
1939,MA
1940,NY
1941,St
1942,MN
1943,Ni
1944,CT
1945,La
1946,IL
1947,CT
1948,So
1949,NA
1950,KS
1951,KS
1952,KS
1953,KS
1954,OH
1955,VA
1956,OK
1957,US
1958,Fr
1959,KS
1960,TX
1961,CA
1962,MN
1963,Bu
1964,UK
1965,DC
1966,Sw
1967,AR
1968,OH
1969,LA
1970,Ne
1971,OH
1972,OK
1973,NY
1974,WI
1975,8
1976,TX
1977,TX
1978,NV
1979,La
1980,NC
1981,NC
1982,20
1983,Pr
1984,OH
1985,OK
1986,NV
1987,NY
1988,KS
1989,IA
1990,Ne
1991,NY
1992,KS
1993,TX
1994,UK
1995,NY
1996,MD
1997,LA
1998,WA
1999,OH
2000,Co
2001,TX
2002,NY
2003,NA
2004,Mo
2005,No
2006,CA
2007,Se
2008,CA
2009,LA
2010,MA
2011,KS
2012,Ni
2013,TX
2014,CA
2015,OH
2016,TX
2017,TN
2018,KS
2019,KS
2020,DC
2021,WV
2022,CA
2023,WA
2024,WA
2025,LA
2026,29
2027,TX
2028,KS
2029,WA
2030,FL
2031,NM
2032,CO
2033,NY
2034,WA
2035,La
2036,3
2037,CA
2038,La
2039,VA
2040,CA
2041,OK
2042,CA
2043,CA
2044,TN
2045,DC
2046,AL
2047,NV
2048,UK
2049,CA
2050,CA
2051,KS
2052,US
2053,CA
2054,CA
2055,MA
2056,TX
2057,US
2058,HI
2059,No
2060,CA
2061,DE
2062,KS
2063,KS
2064,CA
2065,MT
2066,CA
2067,MA
2068,KS
2069,CA
2070,CA
2071,US
2072,TX
2073,OH
2074,MO
2075,CA
2076,Fr
2077,MO
2078,Se
2079,Se
2080,IL
2081,KS
2082,NY
2083,NA
2084,CA
2085,OR
2086,OR
2087,US
2088,NY
2089,CA
2090,KS
2091,CA
2092,CA
2093,CA
2094,DC
2095,LA
2096,OR
2097,KY
2098,KS
2099,OH
2100,OH
2101,ON
2102,NY
2103,FL
2104,NA
2105,KS
2106,Ke
2107,Ca
2108,US
2109,CA
2110,MA
2111,CO
2112,OH
2113,UK
2114,St
2115,UK
2116,CA
2117,Gh
2118,IL
2119,IL
2120,Me
2121,MS
2122,Fr
2123,NY
2124,NY
2125,CA
2126,WA
2127,Fr
2128,FL
2129,IL
2130,AZ
2131,OK
2132,US
2133,US
2134,KS
2135,IL
2136,TX
2137,NY
2138,OH
2139,WI
2140,US
2141,IL
2142,TX
2143,CA
2144,KS
2145,OH
2146,Tr
2147,MN
2148,TX
2149,WI
2150,AL
2151,US
2152,TX
2153,CA
2154,VA
2155,NY
2156,KS
2157,12
2158,MS
2159,IN
2160,KS
2161,Ke
2162,CA
2163,CA
2164,CA
2165,CA
2166,CA
2167,CA
2168,GA
2169,AL
2170,NA
2171,CO
2172,MO
2173,Mc
2174,US
2175,US
2176,US
2177,CA
2178,CA
2179,ON
2180,MN
2181,TX
2182,CT
2183,PA
2184,OR
2185,NE
2186,CT
2187,US
2188,SD
2189,Sw
2190,Au
2191,CO
2192,FL
2193,Co
2194,NA
2195,CA
2196,OH
2197,TN
2198,CO
2199,CA
2200,LA
2201,KS
2202,US
2203,NE
2204,NE
2205,CA
2206,Mc
2207,KS
2208,UK
2209,CA
2210,CA
2211,WA
2212,IL
2213,MD
2214,KS
2215,KS
2216,KS
2217,KY
2218,CA
2219,Po
2220,ID
2221,NY
2222,CA
2223,TX
2224,GA
2225,KS
2226,Se
2227,GA
2228,NY
2229,AL
2230,TX
2231,IL
2232,TX
2233,OH
2234,IL
2235,DC
2236,OR
2237,VA
2238,OR
2239,US
2240,CA
2241,CA
2242,NY
2243,VA
2244,KS
2245,CA
2246,QC
2247,GA
2248,FL
2249,NY
2250,St
2251,ON
2252,TX
2253,NV
2254,CA
2255,FL
2256,CA
2257,WA
2258,Ne
2259,Ca
2260,ON
2261,ON
2262,OK
2263,OH
2264,KS
2265,NV
2266,US
2267,OK
2268,CA
2269,OH
2270,TX
2271,DC
2272,CA
2273,CA
2274,FL
2275,FL
2276,NY
2277,CA
2278,VA
2279,MA
2280,CA
2281,Ca
2282,Ca
2283,OK
2284,NY
2285,DC
2286,OH
2287,TX
2288,NY
2289,WA
2290,WA
2291,CA
2292,US
2293,TX
2294,NV
2295,TX
2296,De
2297,IL
2298,CA
2299,KS
2300,KS
2301,LA
2302,IL
2303,AL
2304,AZ
2305,CA
2306,IL
2307,TX
2308,KS
2309,KS
2310,KS
2311,CA
2312,AR
2313,CA
2314,CA
2315,GA
2316,KS
2317,IL
2318,BC
2319,MA
2320,WA
2321,TX
2322,OK
2323,IL
2324,IL
2325,WA
2326,WA
2327,AB
2328,MO
2329,TX
2330,AZ
2331,CA
2332,US
2333,CA
2334,TX
2335,CA
2336,OH
2337,NA
2338,TX
2339,TX
2340,KS
2341,ON
2342,US
2343,MO
2344,CA
2345,OH
2346,FL
2347,OH
2348,NC
2349,TX
2350,OH
2351,NY
2352,Cl
2353,MI
2354,AZ
2355,PA
2356,KS
2357,US
2358,Co
2359,LA
2360,Se
2361,KS
2362,NA
2363,TX
2364,Po
2365,CA
2366,ON
2367,OH
2368,DC
2369,OR
2370,NY
2371,TX
2372,Qa
2373,US
2374,Fr
2375,Ma
2376,US
2377,PA
2378,NA
2379,TX
2380,NY
2381,KS
2382,TX
2383,SC
2384,NA
2385,OR
2386,KS
2387,KS
2388,KS
2389,MO
2390,KS
2391,OH
2392,US
2393,PA
2394,Se
2395,US
2396,CA
2397,TX
2398,NC
2399,IN
2400,Ca
2401,AR
2402,VA
2403,LA
2404,UK
2405,NY
2406,MA
2407,FL
2408,Co
2409,OR
2410,VA
2411,DC
2412,TX
2413,OH
2414,US
2415,ME
2416,US
2417,KS
2418,AL
2419,KS
2420,IL
2421,Th
2422,OH
2423,OH
2424,KY
2425,CA
2426,MD
2427,AL
2428,US
2429,KY
2430,27
2431,TX
2432,ON
2433,KY
2434,MD
2435,KS
2436,MD
2437,MD
2438,TX
2439,KS
2440,MO
2441,Ra
2442,NY
2443,Ba
2444,NY
2445,US
2446,KS
2447,GA
2448,CA
2449,OH
2450,NA
2451,TX
2452,IN
2453,PA
2454,OH
2455,KS
2456,UT
2457,Fi
2458,KS
2459,KS
2460,VA
2461,OR
2462,CA
2463,KY
2464,MA
2465,KS
2466,US
2467,CA
2468,PA
2469,PA
2470,WI
2471,NY
2472,CA
2473,To
2474,KS
2475,GA
2476,US
2477,CA
2478,IL
2479,IA
2480,MB
2481,US
2482,Xi
2483,Mc
2484,Mc
2485,CA
2486,TX
2487,US
2488,NA
2489,TX
2490,TX
2491,TX
2492,TX
2493,NA
2494,NA
2495,KS
2496,TX
2497,MA
2498,OR
2499,KS
2500,TX
2501,NY
2502,IL
2503,AZ
2504,AL
2505,IN
2506,TX
2507,CA
2508,Be
2509,CA
2510,Mc
2511,KS
2512,US
2513,NY
2514,De
2515,NY
2516,OH
2517,WA
2518,CA
2519,CA
2520,NA
2521,CA
2522,Mi
2523,IN
2524,TX
2525,TX
2526,BC
2527,TX
2528,72
2529,NY
2530,ON
2531,Sa
2532,TX
2533,OR
2534,KS
2535,WA
2536,GA
2537,MD
2538,ON
2539,AZ
2540,ME
2541,TX
2542,WI
2543,KY
2544,PA
2545,CO
2546,WI
2547,MI
2548,Ne
2549,KS
2550,NA
2551,De
2552,An
2553,PA
2554,ON
2555,US
2556,IL
2557,NH
2558,CA
2559,MI
2560,TX
2561,PA
2562,Co
2563,KS
2564,US
2565,VA
2566,KS
2567,NY
2568,AR
2569,PA
2570,LA
2571,IL
2572,TN
2573,CA
2574,LA
2575,OR
2576,VA
2577,KS
2578,SC
2579,0
2580,Ke
2581,US
2582,TX
2583,TX
2584,Cu
2585,IL
2586,IL
2587,OK
2588,AZ
2589,GA
2590,GA
2591,KY
2592,CA
2593,CA
2594,US
2595,NV
2596,CA
2597,NC
2598,KS
2599,GA
2600,IL
2601,Pe
2602,ON
2603,ON
2604,LA
2605,MD
2606,IN
2607,Se
2608,WA
2609,IL
2610,IN
2611,KS
2612,US
2613,ON
2614,AL
2615,VA
2616,MD
2617,TX
2618,ND
2619,MI
2620,TX
2621,NC
2622,Mc
2623,TX
2624,UT
2625,TX
2626,ON
2627,ON
2628,KS
2629,BC
2630,Ca
2631,US
2632,MA
2633,US
2634,TX
2635,IL
2636,NY
2637,NY
2638,TX
2639,IN
2640,MA
2641,Wi
2642,OK
2643,OK
2644,Co
2645,Se
2646,Co
2647,Co
2648,Co
2649,US
2650,MA
2651,DC
2652,US
2653,CA
2654,MT
2655,IN
2656,AZ
2657,KS
2658,CA
2659,NY
2660,DC
2661,US
2662,LA
2663,LA
2664,LA
2665,KY
2666,Co
2667,KS
2668,CT
2669,NY
2670,DC
2671,CA
2672,OR
2673,CA
2674,CA
2675,MB
2676,PA
2677,In
2678,CA
2679,DC
2680,Ri
2681,TX
2682,TN
2683,KS
2684,AR
2685,CA
2686,IL
2687,IA
2688,KS
2689,TX
2690,CA
2691,IL
2692,CA
2693,VA
2694,DC
2695,KS
2696,Ta
2697,GA
2698,NY
2699,US
2700,CA
2701,KY
2702,WV
2703,US
2704,PA
2705,PA
2706,PA
2707,LA
2708,CA
2709,TX
2710,Co
2711,TX
2712,Ch
2713,LA
2714,CA
2715,KS
2716,NJ
2717,NE
2718,OH
2719,TX
2720,WI
2721,TX
2722,OK
2723,OR
2724,MD
2725,KS
2726,TX
2727,TX
2728,IL
2729,WV
2730,IA
2731,CT
2732,ME
2733,LA
2734,NY
2735,NY
2736,TN
2737,CA
2738,NM
2739,TX
2740,ON
2741,OK
2742,FL
2743,AZ
2744,MO
2745,KY
2746,CA
2747,AZ
2748,US
2749,FL
2750,MO
2751,US
2752,Se
2753,CA
2754,De
2755,MN
2756,WI
2757,Mo
2758,NY
2759,MO
2760,MO
2761,MA
2762,MA
2763,KS
2764,AR
2765,CA
2766,VA
2767,TN
2768,TN
2769,Mi
2770,MN
2771,CA
2772,TX
2773,GA
2774,TX
2775,OH
2776,OH
2777,KS
2778,CA
2779,LA
2780,KY
2781,VA
2782,OH
2783,TX
2784,OH
2785,MD
2786,MD
2787,MD
2788,LA
2789,US
2790,IN
2791,St
2792,KS
2793,VA
2794,GA
2795,No
2796,NY
2797,TX
2798,MD
2799,IL
2800,CA
2801,NC
2802,NY
2803,TX
2804,MO
2805,MO
2806,MO
2807,MO
2808,MO
2809,OK
2810,Se
2811,IL
2812,TX
2813,CO
2814,US
2815,KS
2816,Ca
2817,CT
2818,CA
2819,KY
2820,DC
2821,MD
2822,CA
2823,NY
2824,US
2825,TX
2826,NY
2827,NY
2828,FL
2829,IL
2830,NY
2831,ON
2832,US
2833,OH
2834,TX
2835,MN
2836,KS
2837,LA
2838,TX
2839,PA
2840,PA
2841,NE
2842,ME
2843,NY
2844,NY
2845,AR
2846,AL
2847,CA
2848,CT
2849,CT
2850,KS
2851,TX
2852,US
2853,NC
2854,NC
2855,US
2856,CA
2857,CA
2858,ID
2859,TX
2860,NC
2861,KS
2862,OH
2863,PA
2864,BC
2865,NA
2866,FL
2867,US
2868,MS
2869,NA
2870,OH
2871,CA
2872,NA
2873,IL
2874,KY
2875,Ca
2876,DC
2877,GA
2878,St
2879,NC
2880,Co
2881,TX
2882,DC
2883,KS
2884,Ir
2885,TX
2886,LA
2887,CA
2888,CA
2889,NY
2890,TX
2891,TX
2892,PA
2893,US
2894,US
2895,TX
2896,FL
2897,OR
2898,DE
2899,PA
2900,IL
2901,TX
2902,BC
2903,ON
2904,OH
2905,DC
2906,DC
2907,DC
2908,IA
2909,PA
2910,NY
2911,GA
2912,PA
2913,NA
2914,LA
2915,CA
2916,KS
2917,CT
2918,TX
2919,NC
2920,NY
2921,NA
2922,US
2923,US
2924,GA
2925,SC
2926,CA
2927,OH
2928,VA
2929,Sa
2930,PA
2931,WA
2932,DC
2933,DC
2934,DC
2935,Re
2936,NY
2937,MA
2938,KS
2939,DC
2940,US
2941,SC
2942,SC
2943,TX
2944,GA
2945,TX
2946,MA
2947,CA
2948,AB
2949,TX
2950,TN
2951,VA
2952,ON
2953,Ca
2954,OH
2955,OH
2956,OH
2957,MD
2958,DC
2959,AZ
2960,Be
2961,Co
2962,CA
2963,IA
2964,IA
2965,KS
2966,OK
2967,TX
2968,KS
2969,KY
2970,KS
2971,OH
2972,DC
2973,KS
2974,LA
2975,OK
2976,OK
2977,KS
2978,Mi
2979,MO
2980,MO
2981,AB
2982,MA
2983,NM
2984,OK
2985,CA
2986,KS
2987,CA
2988,CO
2989,NA
2990,PA
2991,ON
2992,PA
2993,Me
2994,NA
2995,CO
2996,TX
2997,AL
2998,KS
2999,NA
3000,TX
3001,US
3002,MA
3003,DE
3004,WI
3005,OR
3006,US
3007,NV
3008,NY
3009,US
3010,WI
3011,CA
3012,UK
3013,Ac
3014,TN
3015,VA
3016,AB
3017,GA
3018,US
3019,Ka
3020,NY
3021,NY
3022,De
3023,SD
3024,AZ
3025,MA
3026,TX
3027,WA
3028,CA
3029,OH
3030,Ma
3031,Ca
3032,KS
3033,KS
3034,TX
3035,Ir
3036,TX
3037,US
3038,US
3039,CO
3040,NY
3041,RI
3042,MD
3043,TX
3044,St
3045,KS
3046,AR
3047,MN
3048,US
3049,CA
3050,SC
3051,NV
3052,CA
3053,DC
3054,US
3055,NA
3056,OR
3057,MD
3058,DC
3059,IA
3060,US
3061,TX
3062,Ic
3063,NJ
3064,NY
3065,AR
3066,AK
3067,Co
3068,US
3069,WV
3070,MI
3071,MA
3072,MO
3073,Au
3074,TX
3075,TX
3076,TX
3077,DC
3078,De
3079,GA
3080,TN
3081,TN
3082,US
3083,QC
3084,KS
3085,AZ
3086,IL
3087,IN
3088,CA
3089,NY
3090,MD
3091,TX
3092,FL
3093,IL
3094,TX
3095,Sa
3096,DF
3097,Au
3098,KS
3099,NJ
3100,MO
3101,MA
3102,NV
3103,DE
3104,De
3105,DC
3106,CA
3107,CA
3108,TX
3109,US
3110,TX
3111,KS
3112,AL
3113,MI
3114,MI
3115,NY
3116,MS
3117,MS
3118,NV
3119,Mi
3120,TX
3121,TX
3122,NY
3123,TX
3124,CA
3125,NY
3126,AR
3127,KS
3128,WA
3129,NY
3130,NC
3131,NC
3132,St
3133,CA
3134,KS
3135,KS
3136,TX
3137,MI
3138,CA
3139,NC
3140,US
3141,NC
3142,Bo
3143,US
3144,Ri
3145,CA
3146,IL
3147,MA
3148,OR
3149,28
3150,RI
3151,FL
3152,FL
3153,CA
3154,PA
3155,GA
3156,AZ
3157,NY
3158,WA
3159,KS
3160,NY
3161,MN
3162,WI
3163,FL
3164,CO
3165,MI
3166,KS
3167,KS
3168,IN
3169,NY
3170,OK
3171,CA
3172,Ca
3173,Co
3174,Co
3175,Co
3176,FL
3177,HS
3178,US
3179,TX
3180,NY
3181,DC
3182,Co
3183,CA
3184,AZ
3185,CA
3186,TN
3187,IN
3188,OK
3189,La
3190,CO
3191,IN
3192,KS
3193,GA
3194,VA
3195,CA
3196,CA
3197,UK
3198,FL
3199,Se
3200,ON
3201,TX
3202,UK
3203,US
3204,NY
3205,CA
3206,MN
3207,NY
3208,MD
3209,TN
3210,PA
3211,NV
3212,MD
3213,US
3214,PA
3215,PA
3216,MN
3217,US
3218,FL
3219,GA
3220,OK
3221,TX
3222,WI
3223,LA
3224,MD
3225,US
3226,Ca
3227,IA
3228,WI
3229,CA
3230,VA
3231,BC
3232,US
3233,OH
3234,KY
3235,NV
3236,NY
3237,KY
3238,Po
3239,NY
3240,FL
3241,DF
3242,MD
3243,US
3244,OR
3245,ON
3246,NY
3247,NY
3248,OH
3249,MD
3250,CO
3251,AZ
3252,TX
3253,MO
3254,CA
3255,KS
3256,OR
3257,NY
3258,PA
3259,NC
3260,WA
3261,US
3262,IN
3263,KY
3264,TX
3265,TX
3266,CA
3267,KY
3268,CA
3269,TN
3270,KS
3271,GA
3272,FL
3273,NY
3274,Co
3275,SD
3276,SD
3277,NC
3278,KS
3279,CT
3280,St
3281,St
3282,IN
3283,TX
3284,FL
3285,VT
3286,CO
3287,KY
3288,TN
3289,Ta
3290,NY
3291,US
3292,MA
3293,US
3294,NY
3295,CO
3296,NY
3297,US
3298,NV
3299,KS
3300,TX
3301,CA
3302,PA
3303,CA
3304,US
3305,CA
3306,IL
3307,IN
3308,WA
3309,NA
3310,IL
3311,TX
3312,TX
3313,TX
3314,KS
3315,US
3316,PA
3317,KS
3318,Cr
3319,OR
3320,a 
3321,KS
3322,KS
3323,OH
3324,PA
3325,IA
3326,MA
3327,GA
3328,OH
3329,DE
3330,IL
3331,Se
3332,TX
3333,SC
3334,Ca
3335,PA
3336,AB
3337,PA
3338,PA
3339,CA
3340,CA
3341,CA
3342,IL
3343,Na
3344,Nr
3345,NM
3346,NM
3347,NM
3348,NM
3349,OH
3350,CT
3351,FL
3352,NY
3353,NJ
3354,Ri
3355,AZ
3356,KY
3357,NY
3358,CA
3359,CA
3360,NM
3361,Se
3362,MD
3363,US
3364,IL
3365,OH
3366,IN
3367,Ri
3368,OR
3369,KS
3370,GA
3371,TX
3372,NY
3373,US
3374,OR
3375,NY
3376,Su
3377,ON
3378,ON
3379,DC
3380,CT
3381,NA
3382,LA
3383,OH
3384,OH
3385,TX
3386,NY
3387,NY
3388,US
3389,UK
3390,CA
3391,NC
3392,NV
3393,WV
3394,Ca
3395,TX
3396,TX
3397,CA
3398,PA
3399,CA
3400,MA
3401,US
3402,CA
3403,FL
3404,Je
3405,IL
3406,GA
3407,US
3408,CA
3409,DC
3410,CT
3411,CA
3412,TN
3413,MD
3414,KS
3415,OH
3416,LA
3417,LA
3418,TN
3419,MI
3420,Au
3421,NY
3422,MS
3423,Au
3424,IL
3425,US
3426,NA
3427,MO
3428,US
3429,OH
3430,AB
3431,CA
3432,KS
3433,Wo
3434,TX
3435,IN
3436,Se
3437,CA
3438,TX
3439,TX
3440,MN
3441,WA
3442,US
3443,Lo
3444,AR
3445,AZ
3446,Se
3447,CA
3448,LA
3449,MB
3450,MB
3451,Se
3452,NY
3453,NA
3454,St
3455,St
3456,Co
3457,MI
3458,CA
3459,NV
3460,TN
3461,LA
3462,TX
3463,WA
3464,NC
3465,CA
3466,KS
3467,TX
3468,KS
3469,IL
3470,ME
3471,LA
3472,KS
3473,NA
3474,OH
3475,US
3476,CA
3477,KS
3478,CA
3479,ON
3480,NC
3481,TN
3482,TX
3483,KY
3484,LA
3485,OH
3486,KY
3487,45
3488,St
3489,OK
3490,US
3491,OH
3492,IN
3493,DC
3494,TX
3495,FL
3496,CA
3497,UK
3498,OH
3499,OH
3500,NY
3501,ON
3502,PA
3503,OR
3504,NC
3505,KY
3506,Bo
3507,OK
3508,NM
3509,MD
3510,KS
3511,OH
3512,OK
3513,UK
3514,PA
3515,ON
3516,ON
3517,ON
3518,OK
3519,ON
3520,CA
3521,VA
3522,WI
3523,TX
3524,So
3525,GA
3526,US
3527,US
3528,TX
3529,OH
3530,LA
3531,PA
3532,TX
3533,ON
3534,NA
3535,TX
3536,FL
3537,Co
3538,TX
3539,NY
3540,ON
3541,MA
3542,CA
3543,UT
3544,NY
3545,CA
3546,ON
3547,UK
3548,KS
3549,PA
3550,St
3551,Du
3552,NY
3553,TX
3554,CA
3555,NY
3556,OH
3557,CA
3558,Ca
3559,OR
3560,OH
3561,KS
3562,NA
3563,TX
3564,CA
3565,OK
3566,OH
3567,TX
3568,MD
3569,TX
3570,US
3571,VA
3572,VA
3573,Be
3574,WA
3575,CA
3576,MD
3577,KS
3578,TN
3579,PA
3580,UK
3581,PA
3582,TX
3583,CT
3584,LA
3585,NY
3586,LA
3587,WA
3588,CO
3589,LA
3590,KS
3591,De
3592,TX
3593,MI
3594,KS
3595,BC
3596,TX
3597,TX
3598,PA
3599,US
3600,SC
3601,CA
3602,TX
3603,ME
3604,KY
3605,ID
3606,ID
3607,ID
3608,CA
3609,NY
3610,IL
3611,IL
3612,TX
3613,TX
3614,US
3615,Re
3616,US
3617,NH
3618,ON
3619,CA
3620,Ch
3621,Se
3622,NE
3623,MI
3624,MI
3625,NY
3626,PA
3627,KS
3628,IL
3629,La
3630,CA
3631,DC
3632,KS
3633,NY
3634,DC
3635,20
3636,LA
3637,KS
3638,WA
3639,MS
3640,IL
3641,US
3642,AL
3643,TX
3644,CT
3645,FL
3646,GA
3647,WA
3648,Co
3649,OR
3650,VA
3651,VA
3652,90
3653,CA
3654,CA
3655,VA
3656,AZ
3657,AZ
3658,US
3659,OH
3660,CA
3661,GA
3662,TX
3663,CA
3664,PA
3665,CA
3666,OH
3667,NA
3668,St
3669,Pa
3670,FL
3671,NY
3672,CA
3673,KS
3674,NY
3675,PA
3676,CA
3677,Ni
3678,St
3679,TX
3680,Ca
3681,PA
3682,NA
3683,WI
3684,CA
3685,CT
3686,IA
3687,OR
3688,MO
3689,64
3690,TX
3691,KS
3692,CT
3693,TX
3694,AR
3695,NA
3696,LA
3697,PA
3698,NM
3699,US
3700,Ma
3701,TX
3702,CA
3703,MO
3704,NV
3705,NV
3706,TX
3707,CA
3708,OK
3709,MN
3710,Ch
3711,Gh
3712,WA
3713,NY
3714,Se
3715,NY
3716,St
3717,NC
3718,US
3719,LA
3720,ON
3721,Se
3722,NY
3723,PA
3724,CO
3725,NY
3726,CA
3727,De
3728,PA
3729,IL
3730,DC
3731,NY
3732,NY
3733,KS
3734,MA
3735,MD
3736,WA
3737,OK
3738,OH
3739,NC
3740,KS
3741,ON
3742,NA
3743,KS
3744,KS
3745,KS
3746,Se
3747,KS
3748,CT
3749,UK
3750,UK
3751,NY
3752,CA
3753,TX
3754,KS
3755,IN
3756,St
3757,TX
3758,TN
3759,US
3760,NY
3761,CA
3762,TX
3763,CA
3764,MD
3765,CA
3766,TN
3767,KS
3768,FL
3769,VA
3770,KS
3771,MA
3772,WA
3773,NY
3774,CA
3775,GA
3776,TX
3777,US
3778,KS
3779,FL
3780,FL
3781,TN
3782,OK
3783,OK
3784,ON
3785,ON
3786,US
3787,US
3788,NY
3789,PA
3790,US
3791,CA
3792,SC
3793,US
3794,OH
3795,LA
3796,DC
3797,TX
3798,KS
3799,AR
3800,TN
3801,PA
3802,NY
3803,Se
3804,97
3805,TN
3806,SC
3807,GA
3808,Da
3809,LA
3810,MI
3811,IL
3812,TX
3813,St
3814,OH
3815,ON
3816,NY
3817,NM
3818,KY
3819,IA
3820,NY
3821,Sw
3823,Mu
3824,TX
3825,TX
3826,OH
3827,La
3828,US
3829,TX
3830,US
3831,FL
3832,US
3833,PA
3834,NV
3835,NY
3836,Ma
3837,MD
3838,FL
3839,US
3840,TX
3841,OR
3842,US
3843,VA
3844,LA
3845,Ge
3846,OH
3847,NY
3848,R5
3849,SD
3850,NY
3851,TX
3852,WA
3853,MS
3854,US
3855,KS
3856,DC
3857,KS
3858,Mc
3859,IN
3860,TX
3861,46
3862,CA
3863,US
3864,FL
3865,NJ
3866,TX
3867,FL
3868,KS
3869,KS
3870,M√©
3871,No
3872,CA
3873,NY
3874,NA
3875,TX
3876,MO
3877,IL
3878,NA
3879,CA
3880,DC
3881,KS
3882,KS
3883,NA
3884,TX
3885,MD
3886,Ch
3887,CA
3888,AR
3889,SC
3890,Sw
3891,BC
3892,NY
3893,NV
3894,MO
3895,IN
3896,NY
3897,CA
3898,CA
3899,SC
3900,Ir
3901,AZ
3902,CA
3903,NC
3904,NY
3905,TX
3906,Se
3907,CA
3908,CA
3909,PA
3910,UK
3911,Ri
3912,Ri
3913,NY
3914,TX
3915,KS
3916,UT
3917,UT
3918,OH
3919,CO
3920,WA
3921,Mi
3922,NY
3923,TN
3924,VA
3925,MO
3926,CA
3927,CA
3928,CA
3929,CA
3930,NY
3931,CA
3932,CA
3933,TX
3934,GA
3935,GA
3936,CA
3937,Ca
3938,Op
3939,WA
3940,TN
3941,NV
3942,CA
3943,KS
3944,IA
3945,Au
3946,CT
3947,US
3948,NY
3949,PA
3950,MA
3951,OK
3952,TX
3953,US
3954,ON
3955,OK
3956,MS
3957,KS
3958,Ki
3959,MO
3960,NY
3961,US
3962,OK
3963,CA
3964,UK
3965,KS
3966,La
3967,La
3968,TX
3969,NY
3970,CA
3971,US
3972,PA
3973,Ur
3974,NY
3975,Se
3976,TX
3977,Fr
3978,NA
3979,MA
3980,AZ
3981,MI
3982,US
3983,OK
3984,It
3985,OH
3986,AK
3987,CA
3988,AR
3989,CO
3990,NE
3991,MO
3992,NY
3993,PA
3994,KS
3995,KS
3996,KS
3997,KS
3998,UK
3999,CA
4000,MO
4001,NA
4002,US
4003,MO
4004,CA
4005,NJ
4006,NA
4007,KS
4008,CA
4009,US
4010,Fr
4011,IL
4012,NA
4013,Mi
4014,OH
4015,8
4016,PA
4017,KY
4018,FL
4019,FL
4020,TX
4021,OR
4022,VA
4023,DC
4024,Co
4025,FL
4026,CA
4027,Ra
4028,TX
4029,RI
4030,CA
4031,Ge
4032,IL
4033,FL
4034,NY
4035,Se
4036,No
4037,IL
4038,Sa
4039,UK
4040,BC
4041,MD
4042,AZ
4043,IL
4044,MA
4045,ME
4046,Ca
4047,WA
4048,NA
4049,CA
4050,OK
4051,WA
4052,DF
4053,US
4054,CO
4055,DC
4056,Ir
4057,US
4058,NJ
4059,No
4060,FL
4061,OK
4062,Se
4063,CA
4064,US
4065,CA
4066,OH
4067,TX
4068,CA
4069,DC
4070,CA
4071,AR
4072,NY
4073,Ok
4074,DC
4075,Fr
4076,KY
4077,ON
4078,US
4079,IL
4080,CA
4081,Ri
4082,US
4083,OR
4084,TX
4085,VA
4086,Au
4087,AL
4088,CA
4089,TX
4090,US
4091,Ir
4092,Se
4093,NY
4094,NY
4095,AB
4096,US
4097,TX
4098,TX
4099,CA
4100,CA
4101,DC
4102,WA
4103,CA
4104,NY
4105,GA
4106,NY
4107,TX
4108,–°–ª
4109,US
4110,Ri
4111,De
4112,IN
4113,US
4114,Be
4115,KS
4116,28
4117,28
4118,KS
4119,IL
4120,CT
4121,OH
4122,TX
4123,NY
4124,CA
4125,DC
4126,CA
4127,US
4128,KS
4129,RI
4130,TX
4131,Mc
4132,DC
4133,CA
4134,GA
4135,KS
4136,TN
4137,CA
4138,CT
4139,TX
4140,UT
4141,KS
4142,VA
4143,KS
4144,NM
4145,KS
4146,KS
4147,FL
4148,MA
4149,CA
4150,VA
4151,CT
4152,CT
4153,TX
4154,CT
4155,CT
4156,ID
4157,CT
4158,KS
4159,CT
4160,CA
4161,CT
4162,UK
4163,CT
4164,CT
4165,Ca
4166,CT
4167,KS
4168,KY
4169,QC
4170,CA
4171,ON
4172,MI
4173,NY
4174,IL
4175,MA
4176,MI
4177,MD
4178,Sa
4179,CA
4180,CA
4181,KS
4182,US
4183,CT
4184,CT
4185,CT
4186,CO
4187,Mi
4188,NJ
4189,CT
4190,CT
4191,CO
4192,CA
4193,MA
4194,US
4195,TX
4196,De
4197,NY
4198,KY
4199,CT
4200,CT
4201,CT
4202,ID
4203,NA
4204,NA
4205,Ce
4206,MN
4207,MN
4208,IN
4209,IN
4210,10
4211,WI
4212,WI
4213,54
4214,Me
4215,NY
4216,54
4217,Me
4218,NY
4219,KY
4220,KY
4221,KY
4222,KY
4223,KY
4224,KY
4225,KY
4226,80
4227,DC
4228,NA
4229,NA
4230,NA
4231,NA
4232,NA
4233,NA
4234,TX
4235,Me
4236,Me
4237,Me
4238,UK
4239,UK
4240,UK
4241,Zo
4242,GA
4243,GA
4244,GA
4245,GA
4246,GA
4247,GA
4248,MI
4249,Me
4250,Me
4251,Me
4252,Me
4253,Me
4254,Me
4255,Me
4256,Me
4257,ON
4258,WA
4259,NV
4260,NV
4261,NV
4262,TX
4263,US
4264,ON
4265,ON
4266,NA
4267,ON
4268,ON
4269,ON
4270,ON
4271,ON
4272,ON
4273,ON
4274,ON
4275,ON
4276,CA
4277,UK
4278,NE
4279,CA
4280,TN
4281,CA
4282,CA
4283,CA
4284,MO
4285,50
4286,IN
4287,Sa
4288,Ne
4289,Ne
4290,Me
4291,CA
4292,Ca
4293,IA
4294,Me
4295,TX
4296,TX
4297,Co
4298,UK
4299,IA
4300,Zo
4301,Zo
4302,UK
4303,FL
4304,FL
4305,Co
4306,IN
4307,IN
4308,TX
4309,TX
4310,Se
4311,43
4312,CA
4313,NA
4314,KS
4315,Me
4316,GA
4317,PA
4318,NY
4319,NY
4320,NY
4321,NY
4322,IL
4323,Zo
4324,Zo
4325,OR
4326,NA
4327,42
4328,42
4329,42
4330,NA
4331,42
4332,42
4333,42
4334,42
4335,CA
4336,NA
4337,NA
4338,FL
4339,FL
4340,97
4341,IL
4342,MD
4343,MD
4344,MD
4345,NC
4346,UK
4347,UK
4348,He
4349,VA
4350,WA
4351,CT
4352,OH
4353,OH
4354,MN
4355,NY
4356,MA
4357,KS
4358,NA
4359,St
4360,CA
4361,CA
4362,CA
4363,CA
4364,CA
4365,CA
4366,CA
4367,NY
4368,KS
4369,UK
4370,US
4371,US
4372,MA
4373,MA
4374,NM
4375,MA
4376,MA
4377,MA
4378,Oa
4379,No
4380,No
4381,No
4382,No
4383,No
4384,No
4385,No
4386,No
4387,No
4388,No
4389,KS
4390,AB
4391,US
4392,56
4393,NC
4394,NC
4395,NC
4396,NC
4397,NC
4398,NC
4399,FL
4400,72
4401,72
4402,Ri
4403,La
4404,NE
4405,MA
4406,TX
4407,45
4408,45
4409,45
4410,45
4411,KS
4412,KS
4413,US
4414,US
4415,US
4416,US
4417,US
4418,US
4419,US
4420,US
4421,MI
4422,MI
4423,Ta
4424,NA
4425,NA
4426,Lo
4427,Lo
4428,43
4429,43
4430,VA
4431,CO
4432,TX
4433,Sa
4434,Sa
4435,Sa
4436,Sa
4437,Sa
4438,Sa
4439,Sa
4440,Sa
4441,Sa
4442,Sa
4443,Sa
4444,QC
4445,78
4446,78
4447,78
4448,KS
4449,NY
4450,NY
4451,MA
4452,CT
4453,ON
4454,WI
4455,WI
4456,WI
4457,WI
4458,WI
4459,WI
4460,DC
4461,DC
4462,DC
4463,ON
4464,Fa
4465,NY
4466,NY
4467,NY
4468,Je
4469,54
4470,KS
4471,KS
4472,KS
4473,KS
4474,KS
4475,KS
4476,KS
4477,KS
4478,KS
4479,KS
4480,KS
4481,KS
4482,KS
4483,KS
4484,KS
4485,29
4486,IN
4487,NY
4488,CA
4489,De
4490,Ce
4491,Ce
4492,NY
4493,CA
4494,MA
4495,So
4496,PA
4497,MA
4498,MI
4499,Fr
4500,84
4501,Ne
4502,MA
4503,NA
4504,FL
4505,OK
4506,NA
4507,NA
4508,97
4509,97
4510,Hu
4511,Hu
4512,KS
4513,FL
4514,FL
4515,He
4516,He
4517,Co
4518,CA
4519,NA
4520,NA
4521,22
4522,ND
4523,TX
4524,FL
4525,AZ
4526,MA
4527,MA
4528,MA
4529,Ci
4530,31
4531,Co
4532,NA
4533,ME
4534,WA
4535,IA
4536,IA
4537,PA
4538,US
4539,GA
4540,Co
4541,97
4542,NA
4543,US
4544,IA
4545,MS
4546,TX
4547,KS
4548,He
4549,KS
4550,CA
4551,37
4552,Me
4553,Me
4554,Ra
4555,GA
4556,NY
4557,NY
4558,NY
4559,NA
4560,NA
4561,GA
4562,GA
4563,GA
4564,GA
4565,GA
4566,GA
4567,GA
4568,83
4569,83
4570,83
4571,42
4572,42
4573,42
4574,42
4575,42
4576,42
4577,BC
4578,US
4579,IA
4580,78
4581,KS
4582,KS
4583,Ta
4584,88
4585,MN
4586,Me
4587,97
4588,72
4589,Ca
4590,MN
4591,TX
4592,AZ
4593,DC
4594,Zo
4595,78
4596,MO
4597,NA
4598,NA
4599,PA
4600,PA
4601,IA
4602,IA
4603,WI
4604,Ma
4605,Ma
4606,ON
4607,ON
4608,MN
4609,NA
4610,Au
4611,KS
4612,KS
4613,Co
4614,TX
4615,CA
4616,CA
4617,CA
4618,OH
4619,NA
4620,40
4621,Zo
4622,66
4623,CA
4624,42
4625,NA
4626,CA
4627,CA
4628,QC
4629,CA
4630,AL
4631,65
4632,65
4633,CA
4634,US
4635,CA
4636,78
4637,78
4638,CA
4639,CA
4640,CA
4641,CA
4642,CA
4643,CA
4644,CA
4645,CA
4646,CA
4647,CA
4648,NY
4649,NY
4650,CT
4651,4
4652,4
4653,NA
4654,NA
4655,OK
4656,OK
4657,De
4658,Me
4659,CA
4660,NE
4661,US
4662,45
4663,45
4664,NA
4665,NA
4666,NA
4667,NA
4668,NA
4669,Se
4670,CA
4671,NY
4672,NY
4673,Ca
4674,AZ
4675,CA
4676,Me
4677,NA
4678,Me
4679,GA
4680,MA
4681,AB
4682,87
4683,Au
4684,Au
4685,US
4686,US
4687,NA
4688,WA
4689,MI
4690,AB
4691,TX
4692,KS
4693,Se
4694,98
4695,98
4696,98
4697,98
4698,Me
4699,NA
4700,OK
4701,WI
4702,Ca
4703,UK
4704,97
4705,Me
4706,Du
4707,CA
4708,IL
4709,TX
4710,OK
4711,KS
4712,CA
4713,US
4714,NA
4715,NA
4716,98
4717,Pa
4718,FL
4719,US
4720,TX
4721,Ca
4722,NA
4723,Ma
4724,MO
4725,OK
4726,MN
4727,Me
4728,CA
4729,IA
4730,Se
4731,CA
4732,GA
4733,GA
4734,St
4735,78
4736,78
4737,NY
4738,OH
4739,OH
4740,Se
4741,AR
4742,AR
4743,AR
4744,Me
4745,Me
4746,Me
4747,4
4748,CA
4749,33
4750,33
4751,NY
4752,28
4753,TX
4754,PA
4755,WI
4756,Me
4757,CA
4758,IA
4759,IA
4760,Me
4761,ON
4762,CA
4763,NA
4764,MA
4765,KS
4766,14
4767,14
4768,14
4769,QC
4770,NA
4771,GA
4772,GA
4773,28
4774,Co
4775,OK
4776,AL
4777,Se
4778,Se
4779,Se
4780,NA
4781,NA
4782,Zo
4783,ON
4784,Sw
4785,PA
4786,PA
4787,CA
4788,CA
4789,TX
4790,Me
4791,Me
4792,Me
4793,Me
4794,Me
4795,Me
4796,Me
4797,Me
4798,42
4799,42
4800,KS
4801,KS
4802,KS
4803,KS
4804,KS
4805,FL
4806,GA
4807,GA
4808,78
4809,US
4810,CO
4811,AB
4812,AL
4813,Wi
4814,US
4815,PA
4816,PA
4817,CA
4818,US
4819,Me
4820,94
4821,KS
4822,NY
4823,AL
4824,KS
4825,KS
4826,Se
4827,24
4828,Me
4829,OR
4830,OR
4831,OR
4832,OR
4833,OR
4834,OR
4835,42
4836,42
4837,42
4838,Mi
4839,De
4840,GA
4841,GA
4842,GA
4843,WA
4844,WA
4845,WA
4846,CA
4847,Sw
4848,PA
4849,MA
4850,NA
4851,CT
4852,NA
4853,VA
4854,VA
4855,VA
4856,VA
4857,VA
4858,VA
4859,WA
4860,CA
4861,US
4862,Me
4863,CD
4864,TX
4865,MD
4866,MN
4867,KY
4868,KY
4869,20
4870,CA
4871,CA
4872,CA
4873,NY
4874,TX
4875,TX
4876,MD
4877,MD
4878,MD
4879,MD
4880,NH
4881,NH
4882,NH
4883,Po
4884,NA
4885,Se
4886,OR
4887,DC
4888,CA
4889,48
4890,MN
4891,St
4892,St
4893,St
4894,St
4895,St
4896,St
4897,St
4898,Ef
4899,NA
4900,GA
4901,Me
4902,IN
4903,Co
4904,64
4905,64
4906,77
4907,OH
4908,US
4909,CA
4910,US
4911,NA
4912,NA
4913,ON
4914,Me
4915,Me
4916,Sa
4917,Sa
4918,Sa
4919,FL
4920,KS
4921,Me
4922,42
4923,Ne
4924,NA
4925,NJ
4926,KS
4927,Sa
4928,NJ
4929,NJ
4930,NJ
4931,Sa
4932,72
4933,Sa
4934,97
4935,CA
4936,Sw
4937,GA
4938,Zo
4939,Zo
4940,Zo
4941,Zo
4942,Zo
4943,NA
4944,NA
4945,NA
4946,NA
4947,NA
4948,NA
4949,NA
4950,NA
4951,NA
4952,NA
4953,CA
4954,CA
4955,CA
4956,CA
4957,CA
4958,Zo
4959,Zo
4960,Zo
4961,Zo
4962,Zo
4963,MA
4964,93
4965,NA
4966,NA
4967,MB
4968,MB
4969,FL
4970,NA
4971,NA
4972,NA
4973,NA
4974,NA
4975,NA
4976,NA
4977,NA
4978,NA
4979,US
4980,KS
4981,28
4982,Sw
4983,RI
4984,Me
4985,NJ
4986,NJ
4987,NJ
4988,NJ
4989,Me
4990,37
4991,KS
4992,KS
4993,La
4994,DC
4995,CA
4996,CA
4997,CA
4998,CA
4999,Pa
5000,Pa
5001,NA
5002,87
5003,DC
5004,KS
5005,ME
5006,WA
5007,Do
5008,KS
5009,Me
5010,88
5011,88
5012,88
5013,88
5014,NA
5015,69
5016,VA
5017,UT
5018,UT
5019,CO
5020,CO
5021,UT
5022,UT
5023,UT
5024,NA
5025,CA
5026,Me
5027,KS
5028,Me
5029,TX
5030,Ph
5031,UK
5032,UK
5033,VT
5034,Ne
5035,Ne
5036,Ne
5037,Ne
5038,er
5039,CA
5040,36
5041,KS
5042,KS
5043,MN
5044,76
5045,NY
5046,CA
5047,er
5048,er
5049,er
5050,Oa
5051,NV
5052,PA
5053,DC
5054,Oa
5055,IN
5056,VA
5057,42
5058,Mi
5059,DC
5060,KS
5061,NA
5062,98
5063,Ca
5064,OK
5065,KY
5066,NA
5067,NA
5068,NA
5069,NA
5070,Co
5071,Co
5072,MD
5073,MD
5074,MD
5075,47
5076,TX
5077,PA
5078,PA
5079,23
5080,Ce
5081,NA
5082,MO
5083,MO
5084,NJ
5085,CA
5086,US
5087,KS
5088,NA
5089,US
5090,TX
5091,WI
5092,OK
5093,57
5094,No
5095,GA
5096,GA
5097,KS
5098,KS
5099,KS
5100,KS
5101,45
5102,45
5103,45
5104,45
5105,45
5106,45
5107,45
5108,45
5109,45
5110,45
5111,45
5112,KS
5113,KS
5114,KS
5115,PA
5116,Me
5117,Fr
5118,IL
5119,IL
5120,IL
5121,IL
5122,IL
5123,IL
5124,IL
5125,FL
5126,Zo
5127,CA
5128,NA
5129,NC
5130,NC
5131,Ne
5132,KS
5133,KS
5134,KS
5135,NJ
5136,NJ
5137,NJ
5138,Un
5139,37
5140,WI
5141,CA
5142,TX
5143,Ma
5144,85
5145,GA
5146,GA
5147,GA
5148,GA
5149,De
5150,PA
5151,KS
5152,KS
5153,CA
5154,CA
5155,Sa
5156,NA
5157,MD
5158,MD
5159,MD
5160,US
5161,MD
5162,76
5163,Ri
5164,UK
5165,UK
5166,NA
5167,CA
5168,OH
5169,AZ
5170,NA
5171,50
5172,NY
5173,Fi
5174,Fi
5175,No
5176,NA
5177,CA
5178,CA
5179,CA
5180,GA
5181,IN
5182,Au
5183,CO
5184,Gl
5185,79
5186,37
5187,NH
5188,Me
5189,NA
5190,NA
5191,UK
5192,UK
5193,CO
5194,He
5195,NY
5196,Ge
5197,Sa
5198,CA
5199,CO
5200,KS
5201,NA
5202,PA
5203,NV
5204,NV
5205,NA
5206,NA
5207,AR
5208,NA
5209,CA
5210,US
5211,FL
5212,AZ
5213,Me
5214,NA
5215,Lo
5216,28
5217,KS
5218,KS
5219,OK
5220,Ae
5221,42
5222,78
5223,76
5224,Se
5225,KS
5226,Me
5227,M√©
5228,Me
5229,Me
5230,US
5231,Ri
5232,AZ
5233,Wo
5234,66
5235,87
5236,73
5237,73
5238,72
5239,36
5240,WA
5241,WA
5242,WA
5243,KS
5244,KS
5245,KS
5246,De
5247,Fr
5248,Mi
5249,29
5250,NA
5251,WA
5252,42
5253,42
5254,Me
5255,CA
5256,NA
5257,40
5258,NA
5259,Lo
5260,Sa
5261,US
5262,97
5263,TX
5264,IL
5265,42
5266,42
5267,42
5268,42
5269,72
5270,Me
5271,MD
5272,UT
5273,7
5274,4
5275,NA
5276,98
5277,Me
5278,US
5279,NA
5280,OH
5281,IL
5282,NA
5283,NA
5284,AZ
5285,MN
5286,NA
5287,NA
5288,Me
5289,Me
5290,78
5291,MN
5292,KS
5293,M√©
5294,NA
5295,KS
5296,KS
5297,NY
5298,NA
5299,Xa
5300,MA
5301,OR
5302,CO
5303,MO
5304,MO
5305,AZ
5306,AZ
5307,OH
5308,OH
5309,MD
5310,50
5311,IA
5312,FL
5313,FL
5314,Lo
5315,TX
5316,Me
5317,77
5318,NA
5319,NA
5320,KS
5321,Me
5322,NA
5323,Me
5324,Me
5325,Me
5326,NA
5327,NA
5328,Me
5329,Me
5330,NA
5331,NA
5332,SD
5333,NA
5334,Me
5335,OH
5336,Me
5337,KS
5338,St
5339,NA
5340,NA
5341,NA
5342,67
5343,76
5344,45
5345,45
5346,22
5347,Co
5348,CA
5349,NA
5350,Se
5351,NA
5352,NA
5353,Sa
5354,62
5355,CA
5356,NA
5357,Oa
5358,33
5359,Me
5360,NA
5361,Ac
5362,Me
5363,Me
5364,Me
5365,Me
5366,NY
5367,Me
5368,TX
5369,TX
5370,4
5371,4
5372,72
5373,NA
5374,Me
5375,NA
5376,3
5377,43
5378,51
5379,NA
5380,Ce
5381,Ca
5382,4
5383,DC
5384,WI
5385,36
5386,Me
5387,LA
5388,UK
5389,MD
5390,Co
5391,DC
5392,NA
5393,IL
5394,Sa
5395,Me
5396,78
5397,78
5398,78
5399,78
5400,At
5401,At
5402,81
5403,OR
5404,KS
5405,Me
5406,28
5407,Me
5408,OK
5409,94
5410,94
5411,62
5412,NA
5413,Me
5414,Me
5415,CA
5416,WI
5417,OK
5418,Me
5419,TX
5420,98
5421,89
5422,GA
5423,NA
5424,NA
5425,NA
5426,NA
5427,NA
5428,DC
5429,Lu
5430,Zo
5431,UK
5432,CA
5433,KS
5434,NA
5435,IA
5436,NA
5437,CA
5438,DC
5439,GA
5440,GA
5441,ON
5442,NA
5443,He
5444,IL
5445,MO
5446,Me
5447,76
5448,MA
5449,NA
5450,NA
5451,27
5452,27
5453,27
5454,27
5455,27
5456,NA
5457,So
5458,Oa
5459,76
5460,NA
5461,90
5462,MA
5463,QC
5464,76
5465,Mi
5466,CA
5467,CA
5468,CA
5469,OH
5470,6
5471,Xa
5472,Au
5473,98
5474,98
5475,98
5476,98
5477,98
5478,98
5479,UK
5480,NY
5481,98
5482,50
5483,NA
5484,OH
5485,NA
5486,NA
5487,35
5488,CA
5489,55
5490,CA
5491,He
5492,PA
5493,MA
5494,UK
5495,UK
5496,UK
5497,UK
5498,NA
5499,NA
5500,HI
5501,Me
5502,NA
5503,Ta
5504,Ta
5505,Me
5506,Ce
5507,6
5508,Co
5509,OK
5510,68
5511,CA
5512,Fr
5513,CA
5514,Me
5515,Me
5516,42
5517,Ur
5518,NA
5519,NA
5520,NA
5521,MO
5522,Me
5523,NA
5524,NA
5525,Me
5526,Me
5527,50
5528,Me
5529,Me
5530,Ta
5531,Me
5532,Lo
5533,Me
5534,NA
5535,La
5536,87
5537,Me
5538,NA
5539,Ce
5540,TX
5541,VA
5542,VA
5543,VA
5544,NA
5545,15
5546,Me
5547,Me
5548,34
5549,NA
5550,DC
5551,Me
5552,NA
5553,DC
5554,KY
5555,MA
5556,36
5557,Me
5558,AR
5559,Me
5560,NA
5561,NA
5562,Me
5563,Gh
5564,NA
5565,Me
5566,US
5567,NA
5568,VA
5569,CO
5570,ON
5571,CO
5572,16
5573,TX
5574,KS
5575,KS
5576,KS
5577,Me
5578,NA
5579,TX
5580,Co
5581,IN
5582,ME
5583,IA
5584,ME
5585,NA
5586,MD
5587,KS
5588,KS
5589,KS
5590,KS
5591,MO
5592,98
5593,NV
5594,MI
5595,Co
5596,GA
5597,ME
5598,DC
5599,IL
5600,IL
5601,NA
5602,NA
5603,UK
5604,MI
5605,98
5606,CT
5607,42
5608,42
5609,Pa
5610,Pa
5611,Pa
5612,42
5613,CA
5614,CA
5615,CA
5616,78
5617,42
5618,NA
5619,Mi
5620,NY
5621,CA
5622,IL
5623,CA
5624,47
5625,NA
5626,DC
5627,Be
5628,TN
5629,GA
5630,GA
5631,OR
5632,ON
5633,NC
5634,NY
5635,NY
5636,NY
5637,CT
5638,CT
5639,AR
5640,DC
5641,DC
5642,DC
5643,DC
5644,42
5645,Me
5646,Me
5647,Me
5648,Me
5649,Me
5650,Me
5651,WI
5652,LA
5653,Me
5654,Me
5655,Me
5656,Me
5657,KS
5658,MD
5659,MD
5660,OH
5661,MN
5662,CA
5663,NA
5664,En
5665,UK
5666,Ce
5667,NA
5668,TX
5669,NA
5670,MN
5671,De
5672,OH
5673,Zo
5674,IA
5675,KS
5676,KS
5677,KS
5678,KS
5679,UT
5680,WI
5681,NY
5682,48
5683,78
5684,ME
5685,Re
5686,ME
5687,US
5688,ME
5689,DC
5690,VA
5691,Zo
5692,Zo
5693,Zo
5694,Zo
5695,Ca
5696,KS
5697,CA
5698,US
5699,22
5700,22
5701,FL
5702,UK
5703,UK
5704,NY
5705,DC
5706,Sa
5707,DC
5708,Me
5709,Sl
5710,NA
5711,Sa
5712,CO
5713,Fr
5714,DC
5715,DC
5716,DC
5717,VA
5718,UK
5719,WA
5720,WA
5721,WA
5722,WA
5723,WA
5724,WA
5725,WA
5726,WA
5727,Me
5728,AZ
5729,Ja
5730,Ja
5731,Ja
5732,Ja
5733,VA
5734,NY
5735,78
5736,SC
5737,78
5738,NJ
5739,OH
5740,OH
5741,OH
5742,OH
5743,CA
5744,DC
5745,DC
5746,CA
5747,WV
5748,–°–ª
5749,62
5750,OH
5751,89
5752,CT
5753,PA
5754,OH
5755,CA
5756,CA
5757,CA
5758,CA
5759,CA
5760,NA
5761,DC
5762,WA
5763,TX
5764,DC
5765,Ir
5766,Ir
5767,IN
5768,CA
5769,Xa
5770,CA
5771,Me
5772,Me
5773,Me
5774,Me
5775,Me
5776,KS
5777,MA
5778,MI
5779,KS
5780,CA
5781,Zo
5782,NA
5783,No
5784,KS
5785,OH
5786,US
5787,KS
5788,DC
5789,NJ
5790,NJ
5791,OH
5792,CA
5793,DC
5794,NY
5795,CA
5796,CA
5797,89
5798,89
5799,Na
5800,TN
5801,NY
5802,MI
5803,Sa
5804,NA
5805,US
5806,FL
5807,MA
5808,De
5809,NY
5810,GA
5811,77
5812,KS
5813,77
5814,MN
5815,97
5816,Me
5817,67
5818,97
5819,77
5820,VA
5821,97
5822,97
5823,KS
5824,GA
5825,US
5826,Ef
5827,Co
5828,NA
5829,MA
5830,MA
5831,KS
5832,97
5833,97
5834,Ch
5835,OK
5836,DC
5837,UT
5838,UT
5839,VA
5840,MO
5841,Fi
5842,WV
5843,WV
5844,WV
5845,WV
5846,WV
5847,WV
5848,WV
5849,WV
5850,WV
5851,WV
5852,WV
5853,WV
5854,WV
5855,WV
5856,WV
5857,WV
5858,WV
5859,KS
5860,KS
5861,GA
5862,PA
5863,FL
5864,FL
5865,UK
5866,UK
5867,AZ
5868,CA
5869,OK
5870,NY
5871,NV
5872,UK
5873,UK
5874,OR
5875,Se
5876,UT
5877,KS
5878,Ce
5879,Me
5880,Sa
5881,Me
5882,Me
5883,Me
5884,Me
5885,PA
5886,PA
5887,45
5888,NC
5889,El
5890,Me
5891,Me
5892,TX
5893,43
5894,IA
5895,US
5896,Ar
5897,CO
5898,Co
5899,NA
5900,NA
5901,LA
5902,Me
5903,MD
5904,Me
5905,Me
5906,Me
5907,Me
5908,Me
5909,Me
5910,PA
5911,CA
5912,IL
5913,CO
5914,45
5915,45
5916,Me
5917,Me
5918,89
5919,WV
5920,NY
5921,Zo
5922,Co
5923,WA
5924,45
5925,KS
5926,88
5927,36
5928,NA
5929,IA
5930,MT
5931,CA
5932,97
5933,VA
5934,CA
5935,CA
5936,CA
5937,72
5938,FL
5939,MO
5940,MN
5941,Me
5942,UT
5943,CA
5944,KS
5945,33
5946,DC
5947,CA
5948,SC
5949,IL
5950,CT
5951,IN
5952,NY
5953,ID
5954,Ka
5955,Lo
5956,US
5957,VA
5958,DC
5959,DC
5960,IN
5961,NY
5962,IN
5963,NA
5964,NA
5965,US
5966,Di
5967,Zu
5968,Nu
5969,NA
5970,NA
5971,LA
5972,UK
5973,IA
5974,IA
5975,ON
5976,AZ
5977,US
5978,NA
5979,MD
5980,MD
5981,St
5982,Zo
5983,NJ
5984,US
5985,MO
5986,IA
5987,45
5988,WA
5989,OH
5990,NY
5991,US
5992,MD
5993,KS
5994,SC
5995,SC
5996,WA
5997,AR
5998,CA
5999,CA
6000,45
6001,45
6002,TX
6003,45
6004,TX
6005,OK
6006,IA
6007,MI
6008,KS
6009,De
6010,US
6011,GA
6012,44
6013,NA
6014,MA
6015,CA
6016,KS
6017,GA
6018,NA
6019,NA
6020,MI
6021,Ac
6022,FL
6023,Ch
6024,US
6025,CT
6026,TX
6027,NA
6028,FL
6029,UT
6030,Ca
6031,Ca
6032,UT
6033,VA
6034,IL
6035,MA
6036,MI
6037,LA
6038,Ch
6039,IA
6040,NY
6041,NY
6042,AB
6043,72
6044,72
6045,CT
6046,42
6047,42
6048,NS
6049,Sw
6050,CO
6051,Au
6052,MS
6053,ND
6054,AL
6055,FL
6056,KS
6057,TX
6058,No
6059,NM
6060,Me
6061,33
6062,CA
6063,KS
6064,Ki
6065,CA
6066,NA
6067,NA
6068,NV
6069,28
6070,CA
6071,CA
6072,Ac
6073,NY
6074,TX
6075,Re
6076,OH
6077,VA
6078,NE
6079,OH
6080,Po
6081,IA
6082,CA
6083,Sw
6084,Ne
6085,UK
6086,CA
6087,CA
6088,Me
6089,TN
6090,DE
6091,Om
6092,72
6093,PA
6094,NY
6095,KS
6096,KS
6097,NY
6098,NV
6099,KS
6100,PA
6101,TN
6102,ON
6103,MA
6104,VA
6105,MD
6106,NY
6107,IA
6108,WI
6109,97
6110,DC
6111,DC
6112,CA
6113,TX
6114,TX
6115,US
6116,US
6117,NA
6118,NA
6119,Me
6120,FL
6121,Ac
6122,42
6123,CA
6124,OH
6125,NA
6126,US
6127,GA
6128,NY
6129,NA
6130,50
6131,Ac
6132,Me
6133,CA
6134,WA
6135,WA
6136,GA
6137,GA
6138,GA
6139,GA
6140,GA
6141,GA
6142,GA
6143,GA
6144,GA
6145,GA
6146,UT
6147,US
6148,Ca
6149,96
6150,CA
6151,88
6152,NA
6153,NA
6154,DC
6155,DC
6156,Se
6157,IN
6158,CA
6159,NC
6160,KS
6161,KS
6162,PA
6163,NY
6164,HI
6165,KS
6166,KS
6167,QC
6168,ON
6169,GA
6170,US
6171,CA
6172,87
6173,CO
6174,CO
6175,St
6176,MD
6177,Sa
6178,45
6179,IA
6180,IA
6181,72
6182,72
6183,KS
6184,KS
6185,Sa
6186,MA
6187,Sa
6188,TX
6189,MA
6190,MA
6191,MO
6192,VT
6193,NA
6194,NA
6195,Sa
6196,NY
6197,79
6198,Me
6199,ho
6200,80
6201,Me
6202,Me
6203,ho
6204,36
6205,Sa
6206,MO
6207,ho
6208,MN
6209,MA
6210,US
6211,Ce
6212,US
6213,WI
6214,WI
6215,US
6216,UK
6217,TX
6218,CT
6219,CT
6220,CT
6221,CT
6222,CT
6223,MA
6224,78
6225,78
6226,78
6227,KS
6228,DC
6229,FL
6230,NJ
6231,TN
6232,MN
6233,US
6234,US
6235,TX
6236,MD
6237,CO
6238,Sa
6239,KS
6240,KS
6241,KS
6242,DC
6243,DC
6244,43
6245,WI
6246,KS
6247,US
6248,Oa
6249,72
6250,72
6251,72
6252,72
6253,OH
6254,OH
6255,Me
6256,1
6257,42
6258,MO
6259,SC
6260,US
6261,MA
6262,NA
6263,ME
6264,TN
6265,PA
6266,KS
6267,Mc
6268,NA
6269,OH
6270,Au
6271,OH
6272,CA
6273,Ir
6274,35
6275,KS
6276,CA
6277,Po
6278,MN
6279,NA
6280,Me
6281,KS
6282,Sa
6283,NA
6284,CA
6285,VA
6286,NA
6287,NY
6288,CO
6289,Me
6290,US
6291,KS
6292,Oa
6293,FL
6294,NA
6295,CA
6296,GA
6297,GA
6298,GA
6299,IL
6300,IL
6301,VT
6302,US
6303,MN
6304,60
6305,KS
6306,TX
6307,KS
6308,KS
6309,OH
6310,CA
6311,KS
6312,OH
6313,78
6314,78
6315,78
6316,78
6317,NC
6318,34
6319,AZ
6320,NC
6321,ON
6322,MO
6323,Co
6324,ID
6325,IL
6326,Sa
6327,Me
6328,Me
6329,Sa
6330,Ce
6331,Ce
6332,Ce
6333,Ce
6334,Sa
6335,Ce
6336,IA
6337,Me
6338,72
6339,Sa
6340,US
6341,NY
6342,NY
6343,Co
6344,TX
6345,KS
6346,AZ
6347,NA
6348,NA
6349,NA
6350,NA
6351,NY
6352,NA
6353,64
6354,64
6355,MN
6356,Co
6357,Ve
6358,KS
6359,NA
6360,Se
6361,IA
6362,NA
6363,NY
6364,NY
6365,NY
6366,NV
6367,PA
6368,ON
6369,27
6370,US
6371,Co
6372,Co
6373,TX
6374,TX
6375,CA
6376,PA
6377,NY
6378,53
6379,53
6380,US
6381,OH
6382,FL
6383,CA
6384,KS
6385,NA
6386,Me
6387,KS
6388,Se
6389,KS
6390,Me
6391,Me
6392,Fi
6393,Fi
6394,Fi
6395,NY
6396,Sa
6397,6
6398,6
6399,6
6400,Co
6401,ON
6402,Fr
6403,KS
6404,De
6405,OR
6406,Co
6407,CA
6408,OH
6409,Sa
6410,He
6411,US
6412,MI
6413,NA
6414,ON
6415,KS
6416,NA
6417,Me
6418,CT
6419,CT
6420,Me
6421,UT
6422,88
6423,UK
6424,Pi
6425,No
6426,67
6427,KS
6428,TX
6429,97
6430,50
6431,50
6432,50
6433,MN
6434,OK
6435,TX
6436,WA
6437,Ca
6438,WA
6439,AB
6440,AB
6441,NA
6442,US
6443,Je
6444,MD
6445,T√°
6446,IL
6447,US
6448,NJ
6449,DC
6450,Ge
6451,Di
6452,45
6453,45
6454,NY
6455,22
6456,22
6457,NA
6458,3
6459,Co
6460,Me
6461,NA
6462,FL
6463,NY
6464,SD
6465,3
6466,3
6467,3
6468,Me
6469,Me
6470,Me
6471,6
6472,6
6473,6
6474,NA
6475,NA
6476,Me
6477,Me
6478,Me
6479,NY
6480,NY
6481,NA
6482,NA
6483,NA
6484,Fi
6485,42
6486,WY
6487,ON
6488,US
6489,DE
6490,DE
6491,Ar
6492,FL
6493,NA
6494,NA
6495,TX
6496,Eg
6497,Ve
6498,MN
6499,SC
6500,SC
6501,Di
6502,IL
6503,Co
6504,NA
6505,TX
6506,Au
6507,MA
6508,MA
6509,TX
6510,TX
6511,TX
6512,TX
6513,TX
6514,TX
6515,TX
6516,TX
6517,TX
6518,TX
6519,TX
6520,42
6521,KS
6522,87
6523,72
6524,IL
6525,MI
6526,CA
6527,IN
6528,87
6529,CA
6530,97
6531,KS
6532,Me
6533,PA
6534,CA
6535,OK
6536,NA
6537,Me
6538,Oa
6539,Me
6540,Me
6541,NA
6542,NA
6543,NA
6544,RI
6545,Lo
6546,Lo
6547,Lo
6548,MA
6549,NV
6550,72
6551,72
6552,CA
6553,Zo
6554,Zo
6555,GA
6556,KS
6557,LA
6558,NA
6559,OH
6560,Ca
6561,8
6562,Sa
6563,KS
6564,97
6565,97
6566,NA
6567,97
6568,97
6569,97
6570,CA
6571,CA
6572,Di
6573,US
6574,KS
6575,DC
6576,Me
6577,Me
6578,Me
6579,Me
6580,VA
6581,VA
6582,VA
6583,Di
6584,97
6585,97
6586,IL
6587,NA
6588,KY
6589,KY
6590,KY
6591,KY
6592,KY
6593,KY
6594,KY
6595,KY
6596,KY
6597,KY
6598,KY
6599,Di
6600,OK
6601,OK
6602,38
6603,AB
6604,Me
6605,KS
6606,US
6607,US
6608,NA
6609,Me
6610,CA
6611,PA
6612,Va
6613,KS
6614,UT
6615,MO
6616,PA
6617,97
6618,Ar
6619,55
6620,Sa
6621,50
6622,Di
6623,Po
6624,TX
6625,US
6626,Me
6627,MA
6628,MA
6629,It
6630,La
6631,22
6632,22
6633,NA
6634,NA
6635,22
6636,22
6637,Fr
6638,97
6639,CA
6640,MD
6641,CA
6642,He
6643,He
6644,Au
6645,Au
6646,FL
6647,TX
6648,NA
6649,OR
6650,KS
6651,KS
6652,Fi
6653,QC
6654,NA
6655,NE
6656,AL
6657,AZ
6658,MI
6659,VT
6660,FL
6661,KS
6662,KS
6663,ON
6664,IA
6665,GA
6666,US
6667,OK
6668,39
6669,UK
6670,US
6671,Fr
6672,TX
6673,97
6674,KY
6675,MA
6676,KS
6677,CA
6678,CA
6679,OH
6680,US
6681,97
6682,US
6683,Co
6684,NA
6685,Ra
6686,NA
6687,NA
6688,NA
6689,NA
6690,Mi
6691,Me
6692,Ir
6693,22
6694,22
6695,US
6696,US
6697,KS
6698,CA
6699,US
6700,MD
6701,NE
6702,CA
6703,NC
6704,NC
6705,NC
6706,NC
6707,MD
6708,CA
6709,CA
6710,DC
6711,NY
6712,KS
6713,FL
6714,LA
6715,Sa
6716,DC
6717,Me
6718,Me
6719,Me
6720,Sa
6721,Ge
6722,NE
6723,NA
6724,KS
6725,WI
6726,WI
6727,WI
6728,IL
6729,38
6730,TX
6731,NY
6732,Ne
6733,CT
6734,CT
6735,CT
6736,NA
6737,Ca
6738,MA
6739,Sa
6740,IL
6741,MI
6742,MI
6743,ON
6744,QC
6745,er
6746,MS
6747,NA
6748,Co
6749,NA
6750,PA
6751,VA
6752,FL
6753,Ta
6754,No
6755,VA
6756,MA
6757,VA
6758,VA
6759,NA
6760,NA
6761,IL
6762,Sw
6763,NA
6764,NA
6765,NA
6766,NY
6767,TX
6768,UT
6769,UT
6770,FL
6771,Me
6772,Me
6773,Me
6774,Me
6775,NY
6776,KS
6777,22
6778,SC
6779,WA
6780,AB
6781,R√©
6782,1
6783,NY
6784,NA
6785,Me
6786,Me
6787,KS
6788,er
6789,Th
6790,Ch
6791,US
6792,NV
6793,St
6794,VA
6795,NY
6796,NA
6797,KS
6798,MD
6799,0
6800,Me
6801,CT
6802,AB
6803,Mi
6804,TX
6805,AB
6806,AB
6807,63
6808,CA
6809,US
6810,Me
6811,MN
6812,GA
6813,FL
6814,IL
6815,TX
6816,TX
6817,NA
6818,NY
6819,KS
6820,Me
6821,Me
6822,Me
6823,IN
6824,KS
6825,63
6826,PA
6827,NY
6828,CO
6829,NA
6830,NA
6831,NA
6832,KS
6833,CA
6834,NA
6835,Co
6836,NA
6837,IA
6838,NA
6839,ON
6840,IL
6841,TX
6842,KS
6843,KS
6844,DF
6845,ND
6846,TX
6847,NY
6848,US
6849,LA
6850,Me
6851,78
6852,IN
6853,NA
6854,CA
6855,Co
6856,MA
6857,NA
6858,TX
6859,CA
6860,NY
6861,AZ
6862,Sa
6863,38
6864,8
6865,NC
6866,AK
6867,Wo
6868,Mi
6869,42
6870,IA
6871,ON
6872,WA
6873,RI
6874,Kh
6875,KS
6876,KS
6877,Ra
6878,KS
6879,CA
6880,NA
6881,MN
6882,Mi
6883,SD
6884,SD
6885,NY
6886,MO
6887,UK
6888,MA
6889,US
6890,OH
6891,IL
6892,GA
6893,IA
6894,KS
6895,PA
6896,Ca
6897,Ca
6898,Ca
6899,Ca
6900,NY
6901,FL
6902,ON
6903,ON
6904,MO
6905,69
6906,IA
6907,ON
6908,NA
6909,IL
6910,IL
6911,IL
6912,IL
6913,DC
6914,TX
6915,TX
6916,St
6917,Me
6918,Me
6919,Me
6920,Me
6921,Me
6922,Me
6923,NJ
6924,Se
6925,Me
6926,NY
6927,NA
6928,WV
6929,VA
6930,TX
6931,TX
6932,MD
6933,NJ
6934,MD
6935,NY
6936,er
6937,78
6938,78
6939,IL
6940,Ka
6941,98
6942,AZ
6943,PA
6944,DE
6945,OK
6946,He
6947,CA
6948,IL
6949,IL
6950,IL
6951,IL
6952,IL
6953,KS
6954,OK
6955,KS
6956,CA
6957,FL
6958,KS
6959,MA
6960,71
6961,28
6962,Oa
6963,TX
6964,NY
6965,WI
6966,KS
6967,ND
6968,NE
6969,34
6970,NC
6971,CA
6972,ON
6973,ON
6974,OH
6975,Oa
6976,Ho
6977,Ho
6978,NY
6979,OH
6980,OH
6981,St
6982,NC
6983,NA
6984,CT
6985,CT
6986,CT
6987,CA
6988,SD
6989,Me
6990,Me
6991,VA
6992,US
6993,CA
6994,CA
6995,CA
6996,ON
6997,US
6998,87
6999,Sa
7000,OH
7001,Me
7002,59
7003,Me
7004,US
7005,Co
7006,Co
7007,NA
7008,Se
7009,Ca
7010,Ca
7011,DE
7012,TX
7013,KS
7014,Se
7015,CA
7016,GA
7017,MI
7018,56
7019,KS
7020,FL
7021,DC
7022,DC
7023,DC
7024,DC
7025,NA
7026,Ca
7027,ON
7028,CA
7029,NY
7030,NY
7031,MA
7032,GA
7033,KY
7034,FL
7035,34
7036,NA
7037,Co
7038,NY
7039,ON
7040,NY
7041,70
7042,70
7043,WA
7044,Di
7045,CA
7046,MI
7047,CA
7048,NA
7049,78
7050,78
7051,KS
7052,NA
7053,NA
7054,MI
7055,PA
7056,88
7057,36
7058,TX
7059,TN
7060,TN
7061,TN
7062,TN
7063,IN
7064,43
7065,Sa
7066,IN
7067,ND
7068,TX
7069,Ta
7070,NM
7071,NA
7072,NA
7073,MO
7074,NY
7075,WY
7076,73
7077,TX
7078,WI
7079,It
7080,NY
7081,CT
7082,TX
7083,UK
7084,Fr
7085,US
7086,Me
7087,US
7088,WA
7089,NM
7090,OH
7091,OH
7092,IA
7093,OK
7094,GA
7095,BC
7096,Me
7097,TX
7098,NA
7099,Me
7100,NA
7101,WA
7102,37
7103,37
7104,NY
7105,CA
7106,CA
7107,CO
7108,TX
7109,Oa
7110,NA
7111,OR
7112,Se
7113,TX
7114,IA
7115,Ig
7116,MS
7117,NY
7118,CA
7119,Re
7120,Me
7121,NA
7122,IN
7123,IN
7124,OR
7125,80
7126,Ge
7127,94
7128,MO
7129,AR
7130,US
7131,Me
7132,72
7133,Di
7134,WI
7135,MD
7136,CA
7137,PA
7138,KS
7139,MA
7140,TX
7141,NY
7142,NY
7143,42
7144,KS
7145,IA
7146,VA
7147,UT
7148,NA
7149,Me
7150,FL
7151,KS
7152,CA
7153,Ce
7154,CA
7155,72
7156,72
7157,MN
7158,KY
7159,OH
7160,OH
7161,NC
7162,Sa
7163,MA
7164,OR
7165,Me
7166,Me
7167,Me
7168,Me
7169,Me
7170,NV
7171,14
7172,14
7173,NA
7174,Ca
7175,TX
7176,KS
7177,Co
7178,Me
7179,Di
7180,US
7181,AK
7182,TX
7183,NY
7184,NA
7185,Ho
7186,LA
7187,OH
7188,US
7189,IA
7190,NA
7191,Ir
7192,UK
7193,US
7194,Re
7195,WI
7196,21
7197,WI
7198,Pe
7199,CA
7200,PA
7201,NA
7202,CA
7203,KS
7204,Co
7205,66
7206,US
7207,US
7208,Ta
7209,Do
7210,PA
7211,ON
7212,NA
7213,TX
7214,US
7215,CO
7216,NY
7217,8
7218,De
7219,8
7220,La
7221,FL
7222,28
7223,TX
7224,US
7225,DC
7226,IA
7227,MN
7228,Me
7229,8
7230,KY
7231,Ar
7232,NV
7233,TX
7234,WI
7235,Me
7236,NY
7237,ON
7238,97
7239,NC
7240,UK
7241,NC
7242,NA
7243,41
7244,NY
7245,NA
7246,IN
7247,Me
7248,NA
7249,MA
7250,MA
7251,MA
7252,Sa
7253,At
7254,Re
7255,Me
7256,Di
7257,IN
7258,Al
7259,72
7260,IN
7261,NA
7262,Sa
7263,Me
7264,IL
7265,IL
7266,Ar
7267,29
7268,Co
7269,NA
7270,NA
7271,NA
7272,OH
7273,Ec
7274,28
7275,CA
7276,Ar
7277,Ar
7278,NA
7279,ID
7280,IL
7281,No
7282,Me
7283,Me
7284,NA
7285,Zo
7286,22
7287,US
7288,NA
7289,OR
7290,Pa
7291,Ca
7292,NA
7293,Me
7294,OK
7295,KY
7296,US
7297,56
7298,KS
7299,NA
7300,Me
7301,Re
7302,IN
7303,He
7304,NY
7305,NA
7306,FL
7307,DC
7308,TX
7309,NA
7310,NA
7311,Me
7312,Re
7313,28
7314,98
7315,94
7316,MD
7317,TX
7318,AB
7319,IA
7320,GA
7321,MD
7322,Me
7323,Ve
7324,OH
7325,27
7326,US
7327,TX
7328,GA
7329,ND
7330,IA
7331,Co
7332,NV
7333,4
7334,4
7335,MO
7336,Me
7337,WA
7338,Mi
7339,CO
7340,US
7341,Ge
7342,MD
7343,IL
7344,MN
7345,FL
7346,CA
7347,Me
7348,CA
7349,Sa
7350,KS
7351,KS
7352,CO
7353,OH
7354,NA
7355,NA
7356,IA
7357,13
7358,Ec
7359,AZ
7360,TX
7361,US
7362,OK
7363,Co
7364,IL
7365,NA
7366,NY
7367,NA
7368,KS
7369,Co
7370,RI
7371,Pa
7372,Me
7373,IA
7374,CT
7375,Me
7376,Me
7377,MO
7378,78
7379,IL
7380,Do
7381,80
7382,NA
7383,Me
7384,CO
7385,76
7386,Pa
7387,36
7388,44
7389,Oa
7390,NC
7391,ON
7392,TX
7393,PA
7394,GA
7395,GA
7396,MO
7397,KS
7398,MI
7399,NA
7400,Me
7401,Me
7402,Me
7403,Me
7404,KS
7405,21
7406,21
7407,97
7408,Fr
7409,DE
7410,OR
7411,Re
7412,NA
7413,He
7414,Ch
7415,St
7416,NA
7417,US
7418,71
7419,MD
7420,Ta
7421,NA
7422,IL
7423,MI
7424,DC
7425,VA
7426,NY
7427,He
7428,M√©
7429,IL
7430,PA
7431,Re
7432,20
7433,TX
7434,TX
7435,Ri
7436,KS
7437,ON
7438,NA
7439,NA
7440,NH
7441,PA
7442,GA
7443,VA
7444,NA
7445,Ar
7446,NA
7447,M√©
7448,Mu
7449,Re
7450,OK
7451,Di
7452,NA
7453,Re
7454,37
7455,Ch
7456,Re
7457,41
7458,MI
7459,Mi
7460,45
7461,NY
7462,NY
7463,30
7464,Ar
7465,US
7466,FL
7467,KS
7468,28
7469,Co
7470,NA
7471,KS
7472,Me
7473,28
7474,24
7475,DC
7476,UK
7477,Ja
7478,PA
7479,KS
7480,Me
7481,He
7482,46
7483,NA
7484,MN
7485,NA
7486,Ge
7487,Lu
7488,78
7489,He
7490,Xa
7491,Ig
7492,Me
7493,SK
7494,Me
7495,AZ
7496,Me
7497,Lo
7498,Me
7499,Ac
7500,Ge
7501,Ve
7502,NA
7503,Sa
7504,NA
7505,97
7506,IA
7507,66
7508,NA
7509,CA
7510,C√≥
7511,Me
7512,Me
7513,Me
7514,El
7515,Ch
7516,IL
7517,34
7518,Xa
7519,Me
7520,IL
7521,US
7522,IL
7523,NA
7524,TN
7525,UK
7526,ON
7527,He
7528,PA
7529,Sa
7530,Me
7531,Bo
7532,CA
7533,82
7534,Oa
7535,Me
7536,Me
7537,TX
7538,Re
7539,US
7540,MD
7541,Ec
7542,NA
7543,IL
7544,FL
7545,AZ
7546,AL
7547,KS
7548,NA
7549,IL
7550,76
7551,Di
7552,Sa
7553,26
7554,IL
7555,32
7556,AB
7557,1
7558,IL
7559,WA
7560,NA
7561,45
7562,72
7563,Me
7564,Me
7565,NA
7566,NA
7567,Co
7568,QC
7569,MN
7570,56
7571,NA
7572,CA
7573,56
7574,CA
7575,Me
7576,NA
7577,IN
7578,NA
7579,MO
7580,MI
7581,He
7582,Me
7583,US
7584,NA
7585,4
7586,NA
7587,US
7588,0
7589,Sa
7590,LA
7591,Me
7592,NA
7593,OK
7594,FL
7595,NA
7596,14
7597,NA
7598,IL
7599,At
7600,KS
7601,22
7602,77
7603,Sa
7604,22
7605,Me
7606,WA
7607,Ch
7608,Re
7609,76
7610,He
7611,85
7612,Xa
7613,An
7614,NA
7615,Me
7616,CA
7617,AZ
7618,US
7619,DE
7620,TX
7621,72
7622,78
7623,78
7624,Co
7625,IN
7626,NA
7627,82
7628,IL
7629,Me
7630,KS
7631,NA
7632,OR
7633,Pu
7634,32
7635,He
7636,Ar
7637,85
7638,Sa
7639,UK
7640,72
7641,NA
7642,Me
7643,ON
7644,IN
7645,NA
7646,FL
7647,TX
7648,TX
7649,36
7650,NA
7651,44
7652,An
7653,Oa
7654,Oa
7655,50
7656,90
7657,52
7658,PA
7659,NA
7660,MN
7661,NJ
7662,NA
7663,54
7664,Ec
7665,45
7666,NV
7667,Sa
7668,ND
7669,NA
7670,TX
7671,36
7672,Oa
7673,Co
7674,NA
7675,ON
7676,Ne
7677,NA
7678,78
7679,Re
7680,Sa
7681,WA
7682,TX
7683,20
7684,AL
7685,CO
7686,76
7687,4
7688,89
7689,NA
7690,Sa
7691,WA
7692,Me
7693,Sa
7694,Sa
7695,20
7696,89
7697,IL
7698,36
7699,Ec
7700,Pe
7701,OH
7702,47
7703,He
7704,29
7705,DC
7706,Me
7707,Ec
7708,ID
7709,Me
7710,Cu
7711,GA
7712,TX
7713,NA
7714,MA
7715,Me
7716,Ne
7717,4
7718,Me
7719,CA
7720,NA
7721,An
7722,NA
7723,Ar
7724,Xa
7725,ON
7726,NY
7727,NA
7728,Me
7729,Sp
7730,22
7731,3
7732,VA
7733,Sa
7734,DC
7735,Co
7736,NA
7737,NA
7738,37
7739,NV
7740,NA
7741,NY
7742,Ig
7743,78
7744,Ec
7745,NA
7746,Bo
7747,Pu
7748,OR
7749,ON
7750,NA
7751,Me
7752,NA
7753,ND
7754,Me
7755,NA
7756,Sa
7757,Po
7758,Ch
7759,27
7760,50
7761,CA
7762,NA
7763,14
7764,NA
7765,NA
7766,IL
7767,Pe
7768,Re
7769,94
7770,77
7771,Au
7772,DC
7773,Me
7774,NA
7775,CA
7776,Mi
7777,Me
7778,NA
7779,48
7780,77
7781,OH
7782,Ce
7783,KS
7784,50
7785,45
7786,NA
7787,Ec
7788,NA
7789,Nu
7790,NY
7791,77
7792,NA
7793,TX
7794,Me
7795,Me
7796,NA
7797,CA
7798,NA
7799,77
7800,Pa
7801,NA
7802,CA
7803,OR
7804,36
7805,DC
7806,Lo
7807,93
7808,NA
7809,NY
7810,Re
7811,37
7812,NA
7813,DC
7814,El
7815,36
7816,83
7817,81
7818,38
7819,Cu
7820,NA
7821,SC
7822,Me
7823,Ig
7824,82
7825,Cd
7826,67
7827,He
7828,NA
7829,Pe
7830,NA
7831,ND
7832,ND
7833,Me
7834,Me
7835,FL
7836,NA
7837,97
7838,Me
7839,Me
7840,GA
7841,At
7842,Me
7843,Me
7844,NA
7845,78
7846,78
7847,78
7848,Me
7849,PA
7850,Ch
7851,Me
7852,NA
7853,NA
7854,Sa
7855,DC
7856,He
7857,AR
7858,Ec
7859,Me
7860,NA
7861,Re
7862,Zo
7863,NA
7864,NJ
7865,IA
7866,UK
7867,CA
7868,US
7869,US
7870,NY
7871,TN
7872,NA
7873,CA
7874,CA
7875,Ug
7876,ON
7877,DC
7878,S√£
7879,GA
7880,KS
7881,Co
7882,MD
7883,CA
7884,4
7885,CA
7886,PA
7887,OH
7888,Me
7889,IL
7890,Me
7891,Mo
7892,St
7893,KS
7894,NY
7895,TX
7896,UK
7897,CA
7898,KS
7899,De
7900,AZ
7901,45
7902,NA
7903,81
7904,TX
7905,OH
7906,De
7907,IL
7908,Lo
7909,OH
7910,OH
7911,OH
7912,OH
7913,OH
7914,OH
7915,OH
7916,OH
7917,OH
7918,OH
7919,OH
7920,45
7921,MI
7922,80
7923,FL
7924,14
7925,63
7926,63
7927,42
7928,CA
7929,Re
7930,Me
7931,OR
7932,KS
7933,MO
7934,80
7935,KS
7936,IN
7937,MB
7938,US
7939,78
7940,45
7941,NE
7942,63
7943,AR
7944,TX
7945,Sa
7946,78
7947,ON
7948,0
7949,NY
7950,NA
7951,42
7952,KS
7953,OH
7954,80
7955,UT
7956,53
7957,Ir
7958,44
7959,50
7960,CT
7961,42
7962,IA
7963,US
7964,US
7965,71
7966,80
7967,MA
7968,IL
7969,42
7970,42
7971,Ca
7972,Ca
7973,Zo
7974,LA
7975,CA
7976,MA
7977,DC
7978,NY
7979,AB
7980,78
7981,US
7982,MD
7983,NA
7984,Ka
7985,UT
7986,Bl
7987,GA
7988,MT
7989,WI
7990,De
7991,MI
7992,MI
7993,MI
7994,MI
7995,MI
7996,AB
7997,AB
7998,50
7999,45
8000,KS
8001,Du
8002,Du
8003,FL
8004,US
8005,US
8006,MO
8007,45
8008,93
8009,Xa
8010,UK
8011,NY
8012,NJ
8013,TX
8014,UK
8015,CT
8016,0
8017,KS
8018,TX
8019,ON
8020,Co
8021,GA
8022,MD