"","str_sub.address.3...2..3."
"1","NY"
"2","TX"
"3","OR"
"4","FL"
"5","CA"
"6","NY"
"7","GA"
"8","Ge"
"9","Ge"
"10","50"
"11","US"
"12","GA"
"13","VA"
"14","VA"
"15","VA"
"16","VA"
"17","VA"
"18","AZ"
"19","LA"
"20","CA"
"21","MD"
"22","MD"
"23","SC"
"24","OH"
"25","GA"
"26","CO"
"27","KS"
"28","OH"
"29","OH"
"30","KS"
"31","MN"
"32","St"
"33","CA"
"34","CA"
"35","CT"
"36","US"
"37",NA
"38","CA"
"39","CA"
"40","MS"
"41","MO"
"42","OH"
"43","NC"
"44","GA"
"45","OH"
"46","PA"
"47","PA"
"48","PA"
"49","PA"
"50","PA"
"51","PA"
"52","PA"
"53","CA"
"54","CA"
"55","OK"
"56","NC"
"57","OK"
"58","OK"
"59","US"
"60","Ri"
"61","CA"
"62","IL"
"63","IL"
"64","ID"
"65","TX"
"66","IL"
"67","US"
"68","MI"
"69","PA"
"70","TX"
"71","TX"
"72","US"
"73","GA"
"74","Mc"
"75","LA"
"76","AZ"
"77","MB"
"78","KS"
"79","MA"
"80","TN"
"81","NY"
"82","CA"
"83","CA"
"84","CA"
"85","CA"
"86","CA"
"87","CA"
"88","Be"
"89","OH"
"90",NA
"91","GA"
"92","US"
"93","KS"
"94","KS"
"95","KS"
"96","KS"
"97","IL"
"98","IL"
"99","Se"
"100","IN"
"101","Ja"
"102","BC"
"103","PA"
"104","OH"
"105","OH"
"106","OH"
"107","FL"
"108",NA
"109","GA"
"110","GA"
"111","GA"
"112","GA"
"113","GA"
"114","GA"
"115","OH"
"116","OK"
"117","WA"
"118","LA"
"119","WI"
"120","OH"
"121","OH"
"122","OH"
"123","OH"
"124","IN"
"125","IN"
"126","NY"
"127","NY"
"128","NY"
"129","NY"
"130",NA
"131",NA
"132","TX"
"133","Ca"
"134","WA"
"135","DC"
"136","IA"
"137","IL"
"138","TX"
"139","Me"
"140","SD"
"141","TX"
"142","CA"
"143","NY"
"144","KY"
"145","KS"
"146","Ir"
"147","VA"
"148","TX"
"149","GA"
"150","GA"
"151","GA"
"152","GA"
"153","GA"
"154","GA"
"155","GA"
"156","GA"
"157","GA"
"158","CA"
"159","ON"
"160","PA"
"161","Se"
"162","US"
"163","CA"
"164","Co"
"165","CA"
"166","CA"
"167","CA"
"168","Ca"
"169","NJ"
"170","NJ"
"171","NJ"
"172","DC"
"173","MA"
"174","Se"
"175","IN"
"176","NY"
"177","US"
"178","KS"
"179","DE"
"180","FL"
"181","TX"
"182","KS"
"183","US"
"184","US"
"185","St"
"186","IN"
"187","Ni"
"188","TN"
"189","WA"
"190","US"
"191","ON"
"192","US"
"193","CA"
"194","US"
"195","IL"
"196","IL"
"197","IL"
"198","CA"
"199","UT"
"200","NY"
"201","FL"
"202","AB"
"203","CA"
"204","AB"
"205","WI"
"206","ME"
"207","IL"
"208","NJ"
"209","NJ"
"210","TN"
"211","IL"
"212","CA"
"213","CA"
"214","CA"
"215","CA"
"216","CA"
"217","CA"
"218","CA"
"219","AL"
"220","St"
"221","St"
"222","AR"
"223","KS"
"224","DC"
"225","NY"
"226","Fr"
"227","GA"
"228","CA"
"229","KS"
"230","US"
"231","US"
"232","NY"
"233","NY"
"234","WA"
"235","VA"
"236","TX"
"237","NY"
"238","CA"
"239","CA"
"240","CT"
"241","CT"
"242","DC"
"243","CA"
"244","NY"
"245","IL"
"246","TX"
"247","Ja"
"248","US"
"249","US"
"250","CO"
"251","CA"
"252","MD"
"253","CA"
"254","NV"
"255","NV"
"256","CA"
"257","CA"
"258","CA"
"259","MD"
"260","IL"
"261","CA"
"262","NY"
"263","MD"
"264","MD"
"265","TN"
"266","ND"
"267","IN"
"268","IL"
"269",NA
"270","OH"
"271","KS"
"272","St"
"273","TN"
"274","CA"
"275","AR"
"276","CO"
"277","WA"
"278","OK"
"279","VA"
"280","NY"
"281","OH"
"282","GA"
"283","CO"
"284","Ru"
"285","La"
"286","No"
"287","IL"
"288","ON"
"289","IN"
"290","OH"
"291","PA"
"292","KS"
"293","CA"
"294","NC"
"295","IN"
"296","NC"
"297","OH"
"298","OH"
"299","WI"
"300","CA"
"301","CA"
"302","Mi"
"303","CA"
"304","AL"
"305","CA"
"306","WA"
"307","AL"
"308","WV"
"309","US"
"310","Wh"
"311","TN"
"312","TX"
"313","KS"
"314","KS"
"315","US"
"316","NC"
"317","NC"
"318","NC"
"319","NC"
"320","CO"
"321","KS"
"322","FL"
"323","LA"
"324","FL"
"325","DC"
"326","Ca"
"327","CT"
"328","TN"
"329","MA"
"330","LA"
"331","OH"
"332","OH"
"333","ON"
"334","IL"
"335","GA"
"336","DE"
"337","PA"
"338","MO"
"339","MO"
"340","US"
"341","NC"
"342","MD"
"343","ON"
"344","St"
"345","KY"
"346","CA"
"347","IA"
"348","IA"
"349","SC"
"350","NY"
"351","NY"
"352","CA"
"353","TX"
"354","US"
"355","NV"
"356","VA"
"357","ho"
"358","NV"
"359","NV"
"360","NJ"
"361","CO"
"362","NC"
"363","NC"
"364","NC"
"365","NC"
"366","MO"
"367","OH"
"368","AZ"
"369","OH"
"370","FL"
"371","MD"
"372","AB"
"373","WV"
"374","ID"
"375","NC"
"376","Mc"
"377","KY"
"378","MS"
"379","GA"
"380","TN"
"381","CA"
"382","CA"
"383","NV"
"384","NV"
"385","NY"
"386","NV"
"387","KS"
"388","WI"
"389","WI"
"390","SC"
"391","MO"
"392","TX"
"393","TX"
"394","81"
"395","La"
"396","OH"
"397","CA"
"398","OK"
"399","MD"
"400","MD"
"401","Co"
"402","WA"
"403","PA"
"404","OH"
"405","CO"
"406","er"
"407","GA"
"408","CA"
"409","KS"
"410","PA"
"411","WA"
"412","GA"
"413","GA"
"414","OH"
"415","OH"
"416","US"
"417",NA
"418","WA"
"419","WA"
"420","WA"
"421","WA"
"422","MA"
"423","DC"
"424","US"
"425",NA
"426","US"
"427","OH"
"428","KS"
"429","DC"
"430","DC"
"431","MO"
"432","CA"
"433","Se"
"434","WA"
"435","OK"
"436","KS"
"437","Co"
"438","ON"
"439","KS"
"440","KS"
"441","TN"
"442","SC"
"443","NC"
"444","OR"
"445","OR"
"446","OR"
"447","OR"
"448","OR"
"449","OR"
"450","OR"
"451","OR"
"452","OR"
"453","OR"
"454","OR"
"455","OR"
"456","OR"
"457","OH"
"458","OH"
"459","Ca"
"460","NC"
"461","CT"
"462","CO"
"463","Po"
"464","TX"
"465","KS"
"466","FL"
"467","Mi"
"468","Co"
"469","IL"
"470","GA"
"471","De"
"472","GA"
"473","MD"
"474","VA"
"475","US"
"476","CA"
"477","NY"
"478","OK"
"479","IN"
"480","IN"
"481","PA"
"482","KS"
"483","Co"
"484","WA"
"485","US"
"486","MD"
"487","Sw"
"488","CA"
"489","FL"
"490","OR"
"491","IN"
"492","CA"
"493","GA"
"494","OR"
"495","OH"
"496","VA"
"497","US"
"498","CT"
"499",NA
"500","KS"
"501","KS"
"502","KS"
"503","KS"
"504","KS"
"505","KS"
"506","KS"
"507","KS"
"508","KS"
"509","MD"
"510","TN"
"511","TX"
"512","Co"
"513","Co"
"514","OH"
"515","Co"
"516","US"
"517","KS"
"518","OR"
"519","OR"
"520","OR"
"521","MI"
"522","LA"
"523","LA"
"524","UK"
"525","CO"
"526","US"
"527","OH"
"528","Co"
"529","ON"
"530","CT"
"531","TX"
"532","TX"
"533","TX"
"534","MO"
"535","KS"
"536","NY"
"537","WV"
"538","KY"
"539","FL"
"540","DC"
"541","FL"
"542","US"
"543","MI"
"544","MI"
"545","MI"
"546","MI"
"547","MO"
"548","UK"
"549","KS"
"550","Co"
"551","Co"
"552","US"
"553","US"
"554","KS"
"555","GA"
"556","NY"
"557","AZ"
"558","ME"
"559","OH"
"560","NC"
"561","AL"
"562","SC"
"563","TX"
"564","Pr"
"565","GA"
"566","Co"
"567","CA"
"568","OH"
"569","TN"
"570","US"
"571","WY"
"572","BC"
"573","OK"
"574","TX"
"575","TX"
"576","AZ"
"577","GA"
"578","GA"
"579","GA"
"580","US"
"581","DC"
"582","IN"
"583","NY"
"584","Co"
"585","SC"
"586","Ch"
"587","TX"
"588","MA"
"589","CA"
"590","TX"
"591","TX"
"592","NY"
"593","TX"
"594","KS"
"595","ME"
"596","Ge"
"597","TX"
"598","OK"
"599","AB"
"600","AL"
"601","Ca"
"602","FL"
"603","TX"
"604","Do"
"605","OR"
"606","NY"
"607","PA"
"608","GA"
"609","WI"
"610","CT"
"611","CT"
"612","CT"
"613","WA"
"614","CA"
"615","00"
"616","OK"
"617","AR"
"618","KS"
"619","Ug"
"620","NY"
"621","CA"
"622","Br"
"623","NJ"
"624","TX"
"625","Et"
"626","PA"
"627","US"
"628","US"
"629","TX"
"630","Co"
"631","TX"
"632","MA"
"633","TN"
"634","MT"
"635","CA"
"636","CA"
"637","VA"
"638","VA"
"639","Ar"
"640","KS"
"641","RI"
"642","FL"
"643","CT"
"644","UK"
"645","CA"
"646","CA"
"647","CA"
"648","Ta"
"649","NY"
"650","LA"
"651","LA"
"652","Sa"
"653","IA"
"654","OK"
"655","NY"
"656","PA"
"657","KS"
"658","KS"
"659","LA"
"660","KS"
"661","KS"
"662","KS"
"663","KS"
"664","US"
"665","CA"
"666","Ka"
"667","KS"
"668","GA"
"669","MD"
"670","KS"
"671","UK"
"672","FL"
"673","MO"
"674","OH"
"675","CA"
"676","TN"
"677","OH"
"678","US"
"679","US"
"680","FL"
"681","ON"
"682","Is"
"683","KS"
"684","FL"
"685","NM"
"686","MO"
"687","CA"
"688","US"
"689","St"
"690","WV"
"691","NJ"
"692","CA"
"693","NY"
"694","QC"
"695","DC"
"696","MO"
"697","NC"
"698","NC"
"699","MO"
"700","AZ"
"701","IN"
"702","IN"
"703","GA"
"704","CA"
"705","US"
"706","IN"
"707","SD"
"708","CA"
"709","Se"
"710","Fi"
"711","US"
"712","KS"
"713","OR"
"714","TX"
"715","MS"
"716","Co"
"717","Co"
"718","Co"
"719","Co"
"720","Co"
"721","TX"
"722","TX"
"723",NA
"724","VA"
"725","OR"
"726","KS"
"727","AZ"
"728","ON"
"729","US"
"730","AB"
"731","NC"
"732","CO"
"733","Se"
"734","CA"
"735","SC"
"736","KS"
"737","OR"
"738","LA"
"739","OK"
"740","DC"
"741","KS"
"742","OK"
"743","TX"
"744","MD"
"745","TX"
"746","Ni"
"747","KS"
"748","DC"
"749","CT"
"750","NY"
"751","78"
"752","CA"
"753","KS"
"754","IN"
"755","MN"
"756","TX"
"757","MA"
"758","TX"
"759","US"
"760","NY"
"761","OK"
"762","FL"
"763","IL"
"764","TX"
"765","NY"
"766","VA"
"767","TX"
"768","GA"
"769","NY"
"770","US"
"771","US"
"772","US"
"773","US"
"774","US"
"775","US"
"776","US"
"777","US"
"778","CT"
"779","TX"
"780","UK"
"781","UK"
"782","NY"
"783","MA"
"784","NM"
"785","DC"
"786","DC"
"787","DC"
"788","KS"
"789",NA
"790","CA"
"791","WV"
"792","GA"
"793","GA"
"794","GA"
"795","KS"
"796","KS"
"797","Po"
"798","TX"
"799","LA"
"800","OH"
"801","WA"
"802","MA"
"803","MA"
"804","MA"
"805","MA"
"806","ON"
"807","DC"
"808","NY"
"809","Co"
"810","BC"
"811","NY"
"812","Se"
"813","US"
"814","Ma"
"815","WA"
"816","TX"
"817","TX"
"818","US"
"819","VA"
"820","US"
"821","KS"
"822","KS"
"823","KS"
"824","OH"
"825","OH"
"826","CA"
"827","OH"
"828","ID"
"829","NJ"
"830","AR"
"831","St"
"832","MI"
"833","TN"
"834","CA"
"835","NY"
"836","OH"
"837","GA"
"838","TX"
"839","Ni"
"840","TN"
"841","Sã"
"842","MO"
"843","Co"
"844","CA"
"845","NY"
"846","OH"
"847","TX"
"848","LA"
"849","CA"
"850","VA"
"851","AZ"
"852","MO"
"853","MO"
"854","NY"
"855","MO"
"856","Se"
"857","Co"
"858","KS"
"859","KS"
"860","KS"
"861","MB"
"862","CA"
"863","US"
"864","CA"
"865","PA"
"866","Wo"
"867","GA"
"868","ON"
"869","ON"
"870","TN"
"871","Lo"
"872","KS"
"873","KS"
"874","KS"
"875","KS"
"876","KS"
"877","KS"
"878","MI"
"879","UK"
"880","Ca"
"881","AR"
"882","MD"
"883","OR"
"884","NY"
"885","Co"
"886","NJ"
"887","US"
"888","TX"
"889","OH"
"890","OH"
"891","OH"
"892","IA"
"893","DE"
"894","US"
"895","US"
"896","MD"
"897","ON"
"898","MD"
"899","Co"
"900","DC"
"901","KS"
"902","KS"
"903","KS"
"904","KS"
"905","NY"
"906","IN"
"907","SC"
"908","PA"
"909","CA"
"910","CA"
"911","CA"
"912","CA"
"913","CA"
"914","CA"
"915","CA"
"916","CA"
"917","CA"
"918","CA"
"919","NY"
"920","Ka"
"921","TX"
"922","Co"
"923","CA"
"924","DC"
"925","TX"
"926","CO"
"927","WV"
"928","KY"
"929","OK"
"930","CA"
"931","Ca"
"932","NH"
"933","KS"
"934","WV"
"935","WV"
"936","AB"
"937","TX"
"938","IN"
"939","IN"
"940","Be"
"941","Be"
"942","IN"
"943","UT"
"944","Co"
"945","US"
"946","AZ"
"947","OH"
"948","Ri"
"949","TX"
"950","OK"
"951","ON"
"952","ON"
"953","IL"
"954","TN"
"955","Co"
"956","NY"
"957","CA"
"958","NY"
"959","KS"
"960","US"
"961","TX"
"962","US"
"963","US"
"964","OR"
"965","OR"
"966","OK"
"967","CA"
"968","NV"
"969","PA"
"970","TX"
"971","MI"
"972","TN"
"973","TN"
"974","No"
"975","IL"
"976","IL"
"977","GA"
"978","CA"
"979","KS"
"980","WV"
"981","MD"
"982","NC"
"983","PA"
"984","CO"
"985","MD"
"986","TX"
"987","UK"
"988","VA"
"989","AL"
"990","QC"
"991","CA"
"992","ON"
"993","UK"
"994","GA"
"995","TX"
"996","TX"
"997","TX"
"998","TX"
"999",NA
"1000","US"
"1001","CO"
"1002","US"
"1003","Co"
"1004","US"
"1005","WI"
"1006","IN"
"1007","KY"
"1008",NA
"1009","NY"
"1010","AL"
"1011","KS"
"1012","CA"
"1013","MA"
"1014","TX"
"1015","TX"
"1016","50"
"1017","OK"
"1018",NA
"1019","CA"
"1020","Co"
"1021","Co"
"1022","Co"
"1023","MA"
"1024","FL"
"1025","KS"
"1026","IL"
"1027","50"
"1028","OH"
"1029","NY"
"1030","KS"
"1031","CA"
"1032","CA"
"1033","Co"
"1034","Co"
"1035","ON"
"1036","LA"
"1037","Co"
"1038","KS"
"1039","FL"
"1040","MN"
"1041","Ce"
"1042","UT"
"1043","Co"
"1044","Co"
"1045","CA"
"1046","TX"
"1047","DC"
"1048","Hu"
"1049","OH"
"1050","OK"
"1051","IL"
"1052","MI"
"1053","TX"
"1054","CA"
"1055","Mi"
"1056","Co"
"1057","IL"
"1058","CA"
"1059","CA"
"1060","CA"
"1061","IN"
"1062","US"
"1063","ME"
"1064","OH"
"1065","TN"
"1066","PA"
"1067","OH"
"1068","OK"
"1069","KS"
"1070","CT"
"1071","GA"
"1072","US"
"1073","OH"
"1074","MS"
"1075","OK"
"1076","FL"
"1077","FL"
"1078","FL"
"1079","FL"
"1080","OH"
"1081","De"
"1082","St"
"1083","TX"
"1084","Co"
"1085","Fi"
"1086","VA"
"1087","VA"
"1088","TX"
"1089","LA"
"1090","OH"
"1091","Co"
"1092","PA"
"1093",NA
"1094","MA"
"1095","LA"
"1096","PA"
"1097","OK"
"1098","KS"
"1099","WI"
"1100",NA
"1101","MO"
"1102","TX"
"1103","Co"
"1104","IN"
"1105","IL"
"1106","Sa"
"1107","OH"
"1108","NY"
"1109","Ma"
"1110","MA"
"1111","NY"
"1112","PA"
"1113","Se"
"1114","PA"
"1115","US"
"1116","Ka"
"1117","CA"
"1118","US"
"1119","KS"
"1120","TX"
"1121","PA"
"1122","AZ"
"1123","CA"
"1124","OH"
"1125","Ir"
"1126","OK"
"1127","PA"
"1128","MA"
"1129","TX"
"1130","NC"
"1131","Au"
"1132","NJ"
"1133","00"
"1134","GA"
"1135","TX"
"1136","MA"
"1137","IA"
"1138","SC"
"1139","Me"
"1140","KS"
"1141","ON"
"1142","CO"
"1143","KS"
"1144","GA"
"1145","La"
"1146","PA"
"1147","VA"
"1148","TN"
"1149","NY"
"1150","DC"
"1151","CA"
"1152","NY"
"1153","GA"
"1154","GA"
"1155","GA"
"1156","UK"
"1157","WA"
"1158","46"
"1159","TX"
"1160","CA"
"1161","CA"
"1162","GA"
"1163","NC"
"1164","WA"
"1165","TN"
"1166","IL"
"1167","PA"
"1168","TX"
"1169","KS"
"1170","KS"
"1171","KS"
"1172","KS"
"1173","TX"
"1174","CA"
"1175","TX"
"1176","US"
"1177","Pa"
"1178","GA"
"1179","MD"
"1180","NY"
"1181","DE"
"1182","OK"
"1183","Se"
"1184","Se"
"1185","MA"
"1186","OH"
"1187","ON"
"1188","Ni"
"1189","DC"
"1190","NJ"
"1191","CT"
"1192","NJ"
"1193","TX"
"1194","KS"
"1195","TX"
"1196","KS"
"1197","KS"
"1198","ON"
"1199","VA"
"1200","KS"
"1201","FL"
"1202","UK"
"1203","TX"
"1204","PA"
"1205","KS"
"1206","ON"
"1207","MA"
"1208","OH"
"1209","NY"
"1210","CA"
"1211","CA"
"1212","US"
"1213","FL"
"1214","TX"
"1215","US"
"1216","KS"
"1217","Po"
"1218","TX"
"1219","TX"
"1220","MN"
"1221","CA"
"1222","FL"
"1223","MO"
"1224","MO"
"1225","St"
"1226","IL"
"1227","NY"
"1228","Ta"
"1229","AL"
"1230","CA"
"1231","CA"
"1232","CA"
"1233","CA"
"1234","CA"
"1235","CA"
"1236","KS"
"1237","KS"
"1238","OH"
"1239","OH"
"1240","Po"
"1241","VA"
"1242","NE"
"1243","PA"
"1244","DC"
"1245","NV"
"1246","CA"
"1247","IA"
"1248","OK"
"1249","NY"
"1250","NY"
"1251","US"
"1252","SD"
"1253","PA"
"1254","KY"
"1255","DE"
"1256","PA"
"1257","GA"
"1258","CA"
"1259","IL"
"1260","US"
"1261","GA"
"1262","MI"
"1263","UK"
"1264","US"
"1265","NY"
"1266","UK"
"1267","WA"
"1268","FL"
"1269","TX"
"1270","US"
"1271","NC"
"1272","NC"
"1273","US"
"1274","PA"
"1275","Co"
"1276","DC"
"1277","Th"
"1278","CA"
"1279","ON"
"1280","PA"
"1281",NA
"1282","NY"
"1283",NA
"1284","Ge"
"1285","US"
"1286","NY"
"1287","GA"
"1288","AL"
"1289","IL"
"1290","UK"
"1291","US"
"1292","NC"
"1293","MI"
"1294","NY"
"1295","NY"
"1296","NY"
"1297","OH"
"1298","MO"
"1299","VA"
"1300","No"
"1301","US"
"1302","WY"
"1303","US"
"1304","NY"
"1305","NY"
"1306",NA
"1307","Co"
"1308","KS"
"1309","KS"
"1310","KS"
"1311","MA"
"1312","CA"
"1313","IA"
"1314","IN"
"1315","DC"
"1316","LA"
"1317","AZ"
"1318","VA"
"1319","AB"
"1320",NA
"1321","OH"
"1322","DC"
"1323","NV"
"1324","TX"
"1325","TX"
"1326","NY"
"1327","TX"
"1328","LA"
"1329","OK"
"1330","US"
"1331","NY"
"1332","KS"
"1333","KS"
"1334","US"
"1335","GA"
"1336","CA"
"1337","US"
"1338","NC"
"1339","KS"
"1340","NY"
"1341","NY"
"1342","MN"
"1343","FL"
"1344","NY"
"1345","OH"
"1346","OH"
"1347","DC"
"1348","CA"
"1349","US"
"1350","KS"
"1351","TN"
"1352","ON"
"1353","MD"
"1354","KY"
"1355","DE"
"1356","NY"
"1357","NY"
"1358","ON"
"1359","US"
"1360","US"
"1361","WV"
"1362","GA"
"1363","KY"
"1364","PA"
"1365","ON"
"1366","OH"
"1367","GA"
"1368","GA"
"1369","NJ"
"1370","CA"
"1371","CA"
"1372","CA"
"1373","CA"
"1374","KS"
"1375","MD"
"1376","TX"
"1377","CA"
"1378","OK"
"1379","WV"
"1380","WV"
"1381","US"
"1382","PA"
"1383","GA"
"1384","IA"
"1385","OR"
"1386","KY"
"1387","IN"
"1388","St"
"1389","TX"
"1390","CA"
"1391","MA"
"1392","KS"
"1393","MA"
"1394","PA"
"1395","US"
"1396","OH"
"1397","RI"
"1398","KS"
"1399","GA"
"1400","KS"
"1401","US"
"1402","CA"
"1403","MO"
"1404","IL"
"1405","WI"
"1406","CT"
"1407","TX"
"1408","OK"
"1409","PA"
"1410","KS"
"1411","MA"
"1412","MA"
"1413","MA"
"1414",NA
"1415","MA"
"1416","CA"
"1417","CA"
"1418","CA"
"1419","TX"
"1420",NA
"1421","US"
"1422","KS"
"1423","Be"
"1424","Ca"
"1425","US"
"1426","US"
"1427","TX"
"1428","UT"
"1429","GA"
"1430","Ni"
"1431","MN"
"1432","KS"
"1433","PA"
"1434","Ca"
"1435","FL"
"1436","Ir"
"1437","WI"
"1438","OH"
"1439","US"
"1440","Fi"
"1441","CO"
"1442","US"
"1443","Ca"
"1444","KS"
"1445","TX"
"1446","NY"
"1447","NY"
"1448","NY"
"1449","CA"
"1450","St"
"1451","US"
"1452","IN"
"1453","TX"
"1454","La"
"1455","OH"
"1456","US"
"1457","GA"
"1458","GA"
"1459","KY"
"1460","CT"
"1461","LA"
"1462","MD"
"1463","IL"
"1464","US"
"1465","KS"
"1466","TX"
"1467","NJ"
"1468","KS"
"1469","ME"
"1470","NC"
"1471","CT"
"1472","KS"
"1473","KS"
"1474","KS"
"1475","IL"
"1476","TX"
"1477","TX"
"1478","VA"
"1479","OK"
"1480","US"
"1481","TN"
"1482","Mi"
"1483","MI"
"1484","NH"
"1485","NY"
"1486","AZ"
"1487","NY"
"1488","TX"
"1489","IL"
"1490","PA"
"1491","OR"
"1492","NY"
"1493","OH"
"1494","KS"
"1495","TX"
"1496","AZ"
"1497","KS"
"1498","TX"
"1499","De"
"1500","MD"
"1501","MD"
"1502","MD"
"1503","MD"
"1504","MO"
"1505","GA"
"1506","US"
"1507","NY"
"1508","VA"
"1509","ON"
"1510","DC"
"1511","SC"
"1512","Pa"
"1513","VA"
"1514","US"
"1515","MI"
"1516","CT"
"1517","KY"
"1518","US"
"1519","PA"
"1520","Se"
"1521","OH"
"1522","OH"
"1523","BC"
"1524","PA"
"1525","GA"
"1526","De"
"1527","US"
"1528","MD"
"1529","Qu"
"1530","KS"
"1531","PA"
"1532","UK"
"1533","PA"
"1534","Ce"
"1535","TX"
"1536","CA"
"1537","US"
"1538","Se"
"1539","AB"
"1540","MD"
"1541","TN"
"1542","OH"
"1543","US"
"1544","US"
"1545","Me"
"1546","US"
"1547","KS"
"1548","RI"
"1549","RI"
"1550","DC"
"1551","DC"
"1552","PA"
"1553","Ta"
"1554","US"
"1555","US"
"1556","TN"
"1557","Ke"
"1558","IA"
"1559","GA"
"1560","GA"
"1561","GA"
"1562","Co"
"1563","DC"
"1564","AR"
"1565","NM"
"1566","Ca"
"1567","NV"
"1568","KY"
"1569","IN"
"1570","MN"
"1571","MN"
"1572","Ir"
"1573","DC"
"1574","DC"
"1575","DC"
"1576","DC"
"1577","NY"
"1578","PA"
"1579","NY"
"1580",NA
"1581","US"
"1582","KS"
"1583","US"
"1584","KS"
"1585","OK"
"1586","US"
"1587","NY"
"1588","MA"
"1589","UK"
"1590","01"
"1591","St"
"1592","IN"
"1593",NA
"1594","NY"
"1595","AR"
"1596","IL"
"1597","Ne"
"1598","Se"
"1599","TN"
"1600","AZ"
"1601","AZ"
"1602","OK"
"1603","Mc"
"1604","MD"
"1605","IL"
"1606","NY"
"1607","US"
"1608","OH"
"1609","TX"
"1610","TX"
"1611","St"
"1612","00"
"1613","WI"
"1614","KS"
"1615","Co"
"1616","LA"
"1617","DE"
"1618","MA"
"1619","Mi"
"1620","TX"
"1621","TX"
"1622","KS"
"1623","MA"
"1624","Co"
"1625","FL"
"1626","VA"
"1627","TX"
"1628","OH"
"1629","OH"
"1630","OH"
"1631","DC"
"1632","DC"
"1633","Ma"
"1634","KY"
"1635","NY"
"1636","LA"
"1637","ME"
"1638","NJ"
"1639","NY"
"1640","TX"
"1641","MB"
"1642","PA"
"1643","IN"
"1644","NY"
"1645","NY"
"1646","MS"
"1647","TX"
"1648","US"
"1649","IL"
"1650","NY"
"1651","TX"
"1652","OH"
"1653","NC"
"1654","Co"
"1655","Ma"
"1656","NY"
"1657","GA"
"1658","US"
"1659","La"
"1660","VA"
"1661","TX"
"1662","Mc"
"1663","MD"
"1664","TX"
"1665","PA"
"1666",NA
"1667","GA"
"1668","LA"
"1669","NJ"
"1670","OH"
"1671","IL"
"1672","La"
"1673","Mi"
"1674","TX"
"1675","WI"
"1676","La"
"1677","NV"
"1678","NY"
"1679","KS"
"1680","Ka"
"1681","St"
"1682","La"
"1683","OH"
"1684","AL"
"1685","PA"
"1686","FL"
"1687","FL"
"1688","La"
"1689","NH"
"1690","Gh"
"1691","TN"
"1692",NA
"1693","ON"
"1694","ON"
"1695","VT"
"1696","VT"
"1697","KY"
"1698","MN"
"1699","FL"
"1700","OK"
"1701","OK"
"1702","TX"
"1703","MI"
"1704","IL"
"1705","NY"
"1706","NY"
"1707","MA"
"1708","Má"
"1709","CO"
"1710","KS"
"1711","OH"
"1712","AR"
"1713","NY"
"1714","PA"
"1715","NY"
"1716","TX"
"1717","US"
"1718","NY"
"1719","DC"
"1720","MI"
"1721","US"
"1722","US"
"1723","US"
"1724","TX"
"1725","US"
"1726","CA"
"1727","MA"
"1728","KS"
"1729","NY"
"1730","KY"
"1731","US"
"1732","Gr"
"1733","Co"
"1734","MS"
"1735","Ri"
"1736","MA"
"1737","UK"
"1738","PA"
"1739","WI"
"1740","TX"
"1741","CT"
"1742","FL"
"1743","FL"
"1744","St"
"1745","Un"
"1746","No"
"1747","ON"
"1748","NV"
"1749","MA"
"1750","MD"
"1751","Ir"
"1752","MA"
"1753","IN"
"1754","ON"
"1755","UK"
"1756",NA
"1757","KS"
"1758","US"
"1759",NA
"1760","DC"
"1761","DC"
"1762","Je"
"1763","US"
"1764","US"
"1765","US"
"1766","DC"
"1767","AL"
"1768","OH"
"1769","TX"
"1770","NY"
"1771","NY"
"1772","GA"
"1773","De"
"1774","Kh"
"1775","RI"
"1776","KS"
"1777","TX"
"1778","Ca"
"1779","MA"
"1780","01"
"1781","DC"
"1782","MS"
"1783","St"
"1784","ME"
"1785","TX"
"1786","TX"
"1787","MA"
"1788","KS"
"1789","MA"
"1790",NA
"1791","DC"
"1792","De"
"1793","No"
"1794","No"
"1795","No"
"1796","VA"
"1797","NY"
"1798","NY"
"1799","MA"
"1800","FL"
"1801","WI"
"1802","VA"
"1803","SC"
"1804","US"
"1805","MA"
"1806","NH"
"1807","UK"
"1808","CO"
"1809","KS"
"1810","FL"
"1811","KS"
"1812","CA"
"1813","KS"
"1814","Fr"
"1815","Fi"
"1816","TX"
"1817","KY"
"1818","NC"
"1819","OH"
"1820","29"
"1821","OH"
"1822","CA"
"1823","DC"
"1824","CO"
"1825","Fr"
"1826","WA"
"1827","OH"
"1828","CT"
"1829","UK"
"1830","TX"
"1831","IL"
"1832","US"
"1833","CO"
"1834","ON"
"1835","PA"
"1836","US"
"1837","US"
"1838","MD"
"1839","OH"
"1840","Fr"
"1841","TX"
"1842","TX"
"1843","PA"
"1844","PA"
"1845","PA"
"1846","PA"
"1847","Au"
"1848","KS"
"1849","DC"
"1850","DC"
"1851","US"
"1852","NY"
"1853","Le"
"1854",NA
"1855","NC"
"1856","KS"
"1857","MI"
"1858","TX"
"1859","61"
"1860","AR"
"1861","PA"
"1862",NA
"1863","DC"
"1864","Pe"
"1865","OH"
"1866","CA"
"1867","GA"
"1868","PA"
"1869","St"
"1870","OH"
"1871","OH"
"1872","CA"
"1873","UK"
"1874","UK"
"1875","CT"
"1876","La"
"1877","UK"
"1878","IA"
"1879","CO"
"1880","CO"
"1881","AR"
"1882","De"
"1883","NY"
"1884","UK"
"1885","NV"
"1886","Ce"
"1887","Ce"
"1888","Ce"
"1889","Ce"
"1890","CA"
"1891","CA"
"1892","CA"
"1893","CA"
"1894","CA"
"1895","CA"
"1896","OK"
"1897","CA"
"1898","FL"
"1899","TX"
"1900","Zi"
"1901","La"
"1902","KS"
"1903","CA"
"1904",NA
"1905","US"
"1906","Le"
"1907","RI"
"1908","IA"
"1909","FL"
"1910","AR"
"1911","NY"
"1912","OH"
"1913","UK"
"1914","Bo"
"1915","Au"
"1916","PA"
"1917","FL"
"1918","No"
"1919","TN"
"1920","UK"
"1921","Je"
"1922","Je"
"1923","UT"
"1924","10"
"1925","US"
"1926","KS"
"1927","80"
"1928",NA
"1929",NA
"1930","US"
"1931","TN"
"1932","28"
"1933","CA"
"1934","NJ"
"1935","AL"
"1936","AL"
"1937","La"
"1938","US"
"1939","MA"
"1940","NY"
"1941","St"
"1942","MN"
"1943","Ni"
"1944","CT"
"1945","La"
"1946","IL"
"1947","CT"
"1948","So"
"1949",NA
"1950","KS"
"1951","KS"
"1952","KS"
"1953","KS"
"1954","OH"
"1955","VA"
"1956","OK"
"1957","US"
"1958","Fr"
"1959","KS"
"1960","TX"
"1961","CA"
"1962","MN"
"1963","Bu"
"1964","UK"
"1965","DC"
"1966","Sw"
"1967","AR"
"1968","OH"
"1969","LA"
"1970","Ne"
"1971","OH"
"1972","OK"
"1973","NY"
"1974","WI"
"1975","08"
"1976","TX"
"1977","TX"
"1978","NV"
"1979","La"
"1980","NC"
"1981","NC"
"1982","20"
"1983","Pr"
"1984","OH"
"1985","OK"
"1986","NV"
"1987","NY"
"1988","KS"
"1989","IA"
"1990","Ne"
"1991","NY"
"1992","KS"
"1993","TX"
"1994","UK"
"1995","NY"
"1996","MD"
"1997","LA"
"1998","WA"
"1999","OH"
"2000","Co"
"2001","TX"
"2002","NY"
"2003",NA
"2004","Mo"
"2005","No"
"2006","CA"
"2007","Se"
"2008","CA"
"2009","LA"
"2010","MA"
"2011","KS"
"2012","Ni"
"2013","TX"
"2014","CA"
"2015","OH"
"2016","TX"
"2017","TN"
"2018","KS"
"2019","KS"
"2020","DC"
"2021","WV"
"2022","CA"
"2023","WA"
"2024","WA"
"2025","LA"
"2026","29"
"2027","TX"
"2028","KS"
"2029","WA"
"2030","FL"
"2031","NM"
"2032","CO"
"2033","NY"
"2034","WA"
"2035","La"
"2036","03"
"2037","CA"
"2038","La"
"2039","VA"
"2040","CA"
"2041","OK"
"2042","CA"
"2043","CA"
"2044","TN"
"2045","DC"
"2046","AL"
"2047","NV"
"2048","UK"
"2049","CA"
"2050","CA"
"2051","KS"
"2052","US"
"2053","CA"
"2054","CA"
"2055","MA"
"2056","TX"
"2057","US"
"2058","HI"
"2059","No"
"2060","CA"
"2061","DE"
"2062","KS"
"2063","KS"
"2064","CA"
"2065","MT"
"2066","CA"
"2067","MA"
"2068","KS"
"2069","CA"
"2070","CA"
"2071","US"
"2072","TX"
"2073","OH"
"2074","MO"
"2075","CA"
"2076","Fr"
"2077","MO"
"2078","Se"
"2079","Se"
"2080","IL"
"2081","KS"
"2082","NY"
"2083",NA
"2084","CA"
"2085","OR"
"2086","OR"
"2087","US"
"2088","NY"
"2089","CA"
"2090","KS"
"2091","CA"
"2092","CA"
"2093","CA"
"2094","DC"
"2095","LA"
"2096","OR"
"2097","KY"
"2098","KS"
"2099","OH"
"2100","OH"
"2101","ON"
"2102","NY"
"2103","FL"
"2104",NA
"2105","KS"
"2106","Ke"
"2107","Ca"
"2108","US"
"2109","CA"
"2110","MA"
"2111","CO"
"2112","OH"
"2113","UK"
"2114","St"
"2115","UK"
"2116","CA"
"2117","Gh"
"2118","IL"
"2119","IL"
"2120","Me"
"2121","MS"
"2122","Fr"
"2123","NY"
"2124","NY"
"2125","CA"
"2126","WA"
"2127","Fr"
"2128","FL"
"2129","IL"
"2130","AZ"
"2131","OK"
"2132","US"
"2133","US"
"2134","KS"
"2135","IL"
"2136","TX"
"2137","NY"
"2138","OH"
"2139","WI"
"2140","US"
"2141","IL"
"2142","TX"
"2143","CA"
"2144","KS"
"2145","OH"
"2146","Tr"
"2147","MN"
"2148","TX"
"2149","WI"
"2150","AL"
"2151","US"
"2152","TX"
"2153","CA"
"2154","VA"
"2155","NY"
"2156","KS"
"2157","12"
"2158","MS"
"2159","IN"
"2160","KS"
"2161","Ke"
"2162","CA"
"2163","CA"
"2164","CA"
"2165","CA"
"2166","CA"
"2167","CA"
"2168","GA"
"2169","AL"
"2170",NA
"2171","CO"
"2172","MO"
"2173","Mc"
"2174","US"
"2175","US"
"2176","US"
"2177","CA"
"2178","CA"
"2179","ON"
"2180","MN"
"2181","TX"
"2182","CT"
"2183","PA"
"2184","OR"
"2185","NE"
"2186","CT"
"2187","US"
"2188","SD"
"2189","Sw"
"2190","Au"
"2191","CO"
"2192","FL"
"2193","Co"
"2194",NA
"2195","CA"
"2196","OH"
"2197","TN"
"2198","CO"
"2199","CA"
"2200","LA"
"2201","KS"
"2202","US"
"2203","NE"
"2204","NE"
"2205","CA"
"2206","Mc"
"2207","KS"
"2208","UK"
"2209","CA"
"2210","CA"
"2211","WA"
"2212","IL"
"2213","MD"
"2214","KS"
"2215","KS"
"2216","KS"
"2217","KY"
"2218","CA"
"2219","Po"
"2220","ID"
"2221","NY"
"2222","CA"
"2223","TX"
"2224","GA"
"2225","KS"
"2226","Se"
"2227","GA"
"2228","NY"
"2229","AL"
"2230","TX"
"2231","IL"
"2232","TX"
"2233","OH"
"2234","IL"
"2235","DC"
"2236","OR"
"2237","VA"
"2238","OR"
"2239","US"
"2240","CA"
"2241","CA"
"2242","NY"
"2243","VA"
"2244","KS"
"2245","CA"
"2246","QC"
"2247","GA"
"2248","FL"
"2249","NY"
"2250","St"
"2251","ON"
"2252","TX"
"2253","NV"
"2254","CA"
"2255","FL"
"2256","CA"
"2257","WA"
"2258","Ne"
"2259","Ca"
"2260","ON"
"2261","ON"
"2262","OK"
"2263","OH"
"2264","KS"
"2265","NV"
"2266","US"
"2267","OK"
"2268","CA"
"2269","OH"
"2270","TX"
"2271","DC"
"2272","CA"
"2273","CA"
"2274","FL"
"2275","FL"
"2276","NY"
"2277","CA"
"2278","VA"
"2279","MA"
"2280","CA"
"2281","Ca"
"2282","Ca"
"2283","OK"
"2284","NY"
"2285","DC"
"2286","OH"
"2287","TX"
"2288","NY"
"2289","WA"
"2290","WA"
"2291","CA"
"2292","US"
"2293","TX"
"2294","NV"
"2295","TX"
"2296","De"
"2297","IL"
"2298","CA"
"2299","KS"
"2300","KS"
"2301","LA"
"2302","IL"
"2303","AL"
"2304","AZ"
"2305","CA"
"2306","IL"
"2307","TX"
"2308","KS"
"2309","KS"
"2310","KS"
"2311","CA"
"2312","AR"
"2313","CA"
"2314","CA"
"2315","GA"
"2316","KS"
"2317","IL"
"2318","BC"
"2319","MA"
"2320","WA"
"2321","TX"
"2322","OK"
"2323","IL"
"2324","IL"
"2325","WA"
"2326","WA"
"2327","AB"
"2328","MO"
"2329","TX"
"2330","AZ"
"2331","CA"
"2332","US"
"2333","CA"
"2334","TX"
"2335","CA"
"2336","OH"
"2337",NA
"2338","TX"
"2339","TX"
"2340","KS"
"2341","ON"
"2342","US"
"2343","MO"
"2344","CA"
"2345","OH"
"2346","FL"
"2347","OH"
"2348","NC"
"2349","TX"
"2350","OH"
"2351","NY"
"2352","Cl"
"2353","MI"
"2354","AZ"
"2355","PA"
"2356","KS"
"2357","US"
"2358","Co"
"2359","LA"
"2360","Se"
"2361","KS"
"2362",NA
"2363","TX"
"2364","Po"
"2365","CA"
"2366","ON"
"2367","OH"
"2368","DC"
"2369","OR"
"2370","NY"
"2371","TX"
"2372","Qa"
"2373","US"
"2374","Fr"
"2375","Ma"
"2376","US"
"2377","PA"
"2378",NA
"2379","TX"
"2380","NY"
"2381","KS"
"2382","TX"
"2383","SC"
"2384",NA
"2385","OR"
"2386","KS"
"2387","KS"
"2388","KS"
"2389","MO"
"2390","KS"
"2391","OH"
"2392","US"
"2393","PA"
"2394","Se"
"2395","US"
"2396","CA"
"2397","TX"
"2398","NC"
"2399","IN"
"2400","Ca"
"2401","AR"
"2402","VA"
"2403","LA"
"2404","UK"
"2405","NY"
"2406","MA"
"2407","FL"
"2408","Co"
"2409","OR"
"2410","VA"
"2411","DC"
"2412","TX"
"2413","OH"
"2414","US"
"2415","ME"
"2416","US"
"2417","KS"
"2418","AL"
"2419","KS"
"2420","IL"
"2421","Th"
"2422","OH"
"2423","OH"
"2424","KY"
"2425","CA"
"2426","MD"
"2427","AL"
"2428","US"
"2429","KY"
"2430","27"
"2431","TX"
"2432","ON"
"2433","KY"
"2434","MD"
"2435","KS"
"2436","MD"
"2437","MD"
"2438","TX"
"2439","KS"
"2440","MO"
"2441","Ra"
"2442","NY"
"2443","Ba"
"2444","NY"
"2445","US"
"2446","KS"
"2447","GA"
"2448","CA"
"2449","OH"
"2450",NA
"2451","TX"
"2452","IN"
"2453","PA"
"2454","OH"
"2455","KS"
"2456","UT"
"2457","Fi"
"2458","KS"
"2459","KS"
"2460","VA"
"2461","OR"
"2462","CA"
"2463","KY"
"2464","MA"
"2465","KS"
"2466","US"
"2467","CA"
"2468","PA"
"2469","PA"
"2470","WI"
"2471","NY"
"2472","CA"
"2473","To"
"2474","KS"
"2475","GA"
"2476","US"
"2477","CA"
"2478","IL"
"2479","IA"
"2480","MB"
"2481","US"
"2482","Xi"
"2483","Mc"
"2484","Mc"
"2485","CA"
"2486","TX"
"2487","US"
"2488",NA
"2489","TX"
"2490","TX"
"2491","TX"
"2492","TX"
"2493",NA
"2494",NA
"2495","KS"
"2496","TX"
"2497","MA"
"2498","OR"
"2499","KS"
"2500","TX"
"2501","NY"
"2502","IL"
"2503","AZ"
"2504","AL"
"2505","IN"
"2506","TX"
"2507","CA"
"2508","Be"
"2509","CA"
"2510","Mc"
"2511","KS"
"2512","US"
"2513","NY"
"2514","De"
"2515","NY"
"2516","OH"
"2517","WA"
"2518","CA"
"2519","CA"
"2520",NA
"2521","CA"
"2522","Mi"
"2523","IN"
"2524","TX"
"2525","TX"
"2526","BC"
"2527","TX"
"2528","72"
"2529","NY"
"2530","ON"
"2531","Sa"
"2532","TX"
"2533","OR"
"2534","KS"
"2535","WA"
"2536","GA"
"2537","MD"
"2538","ON"
"2539","AZ"
"2540","ME"
"2541","TX"
"2542","WI"
"2543","KY"
"2544","PA"
"2545","CO"
"2546","WI"
"2547","MI"
"2548","Ne"
"2549","KS"
"2550",NA
"2551","De"
"2552","An"
"2553","PA"
"2554","ON"
"2555","US"
"2556","IL"
"2557","NH"
"2558","CA"
"2559","MI"
"2560","TX"
"2561","PA"
"2562","Co"
"2563","KS"
"2564","US"
"2565","VA"
"2566","KS"
"2567","NY"
"2568","AR"
"2569","PA"
"2570","LA"
"2571","IL"
"2572","TN"
"2573","CA"
"2574","LA"
"2575","OR"
"2576","VA"
"2577","KS"
"2578","SC"
"2579","00"
"2580","Ke"
"2581","US"
"2582","TX"
"2583","TX"
"2584","Cu"
"2585","IL"
"2586","IL"
"2587","OK"
"2588","AZ"
"2589","GA"
"2590","GA"
"2591","KY"
"2592","CA"
"2593","CA"
"2594","US"
"2595","NV"
"2596","CA"
"2597","NC"
"2598","KS"
"2599","GA"
"2600","IL"
"2601","Pe"
"2602","ON"
"2603","ON"
"2604","LA"
"2605","MD"
"2606","IN"
"2607","Se"
"2608","WA"
"2609","IL"
"2610","IN"
"2611","KS"
"2612","US"
"2613","ON"
"2614","AL"
"2615","VA"
"2616","MD"
"2617","TX"
"2618","ND"
"2619","MI"
"2620","TX"
"2621","NC"
"2622","Mc"
"2623","TX"
"2624","UT"
"2625","TX"
"2626","ON"
"2627","ON"
"2628","KS"
"2629","BC"
"2630","Ca"
"2631","US"
"2632","MA"
"2633","US"
"2634","TX"
"2635","IL"
"2636","NY"
"2637","NY"
"2638","TX"
"2639","IN"
"2640","MA"
"2641","Wi"
"2642","OK"
"2643","OK"
"2644","Co"
"2645","Se"
"2646","Co"
"2647","Co"
"2648","Co"
"2649","US"
"2650","MA"
"2651","DC"
"2652","US"
"2653","CA"
"2654","MT"
"2655","IN"
"2656","AZ"
"2657","KS"
"2658","CA"
"2659","NY"
"2660","DC"
"2661","US"
"2662","LA"
"2663","LA"
"2664","LA"
"2665","KY"
"2666","Co"
"2667","KS"
"2668","CT"
"2669","NY"
"2670","DC"
"2671","CA"
"2672","OR"
"2673","CA"
"2674","CA"
"2675","MB"
"2676","PA"
"2677","In"
"2678","CA"
"2679","DC"
"2680","Ri"
"2681","TX"
"2682","TN"
"2683","KS"
"2684","AR"
"2685","CA"
"2686","IL"
"2687","IA"
"2688","KS"
"2689","TX"
"2690","CA"
"2691","IL"
"2692","CA"
"2693","VA"
"2694","DC"
"2695","KS"
"2696","Ta"
"2697","GA"
"2698","NY"
"2699","US"
"2700","CA"
"2701","KY"
"2702","WV"
"2703","US"
"2704","PA"
"2705","PA"
"2706","PA"
"2707","LA"
"2708","CA"
"2709","TX"
"2710","Co"
"2711","TX"
"2712","Ch"
"2713","LA"
"2714","CA"
"2715","KS"
"2716","NJ"
"2717","NE"
"2718","OH"
"2719","TX"
"2720","WI"
"2721","TX"
"2722","OK"
"2723","OR"
"2724","MD"
"2725","KS"
"2726","TX"
"2727","TX"
"2728","IL"
"2729","WV"
"2730","IA"
"2731","CT"
"2732","ME"
"2733","LA"
"2734","NY"
"2735","NY"
"2736","TN"
"2737","CA"
"2738","NM"
"2739","TX"
"2740","ON"
"2741","OK"
"2742","FL"
"2743","AZ"
"2744","MO"
"2745","KY"
"2746","CA"
"2747","AZ"
"2748","US"
"2749","FL"
"2750","MO"
"2751","US"
"2752","Se"
"2753","CA"
"2754","De"
"2755","MN"
"2756","WI"
"2757","Mo"
"2758","NY"
"2759","MO"
"2760","MO"
"2761","MA"
"2762","MA"
"2763","KS"
"2764","AR"
"2765","CA"
"2766","VA"
"2767","TN"
"2768","TN"
"2769","Mi"
"2770","MN"
"2771","CA"
"2772","TX"
"2773","GA"
"2774","TX"
"2775","OH"
"2776","OH"
"2777","KS"
"2778","CA"
"2779","LA"
"2780","KY"
"2781","VA"
"2782","OH"
"2783","TX"
"2784","OH"
"2785","MD"
"2786","MD"
"2787","MD"
"2788","LA"
"2789","US"
"2790","IN"
"2791","St"
"2792","KS"
"2793","VA"
"2794","GA"
"2795","No"
"2796","NY"
"2797","TX"
"2798","MD"
"2799","IL"
"2800","CA"
"2801","NC"
"2802","NY"
"2803","TX"
"2804","MO"
"2805","MO"
"2806","MO"
"2807","MO"
"2808","MO"
"2809","OK"
"2810","Se"
"2811","IL"
"2812","TX"
"2813","CO"
"2814","US"
"2815","KS"
"2816","Ca"
"2817","CT"
"2818","CA"
"2819","KY"
"2820","DC"
"2821","MD"
"2822","CA"
"2823","NY"
"2824","US"
"2825","TX"
"2826","NY"
"2827","NY"
"2828","FL"
"2829","IL"
"2830","NY"
"2831","ON"
"2832","US"
"2833","OH"
"2834","TX"
"2835","MN"
"2836","KS"
"2837","LA"
"2838","TX"
"2839","PA"
"2840","PA"
"2841","NE"
"2842","ME"
"2843","NY"
"2844","NY"
"2845","AR"
"2846","AL"
"2847","CA"
"2848","CT"
"2849","CT"
"2850","KS"
"2851","TX"
"2852","US"
"2853","NC"
"2854","NC"
"2855","US"
"2856","CA"
"2857","CA"
"2858","ID"
"2859","TX"
"2860","NC"
"2861","KS"
"2862","OH"
"2863","PA"
"2864","BC"
"2865",NA
"2866","FL"
"2867","US"
"2868","MS"
"2869",NA
"2870","OH"
"2871","CA"
"2872",NA
"2873","IL"
"2874","KY"
"2875","Ca"
"2876","DC"
"2877","GA"
"2878","St"
"2879","NC"
"2880","Co"
"2881","TX"
"2882","DC"
"2883","KS"
"2884","Ir"
"2885","TX"
"2886","LA"
"2887","CA"
"2888","CA"
"2889","NY"
"2890","TX"
"2891","TX"
"2892","PA"
"2893","US"
"2894","US"
"2895","TX"
"2896","FL"
"2897","OR"
"2898","DE"
"2899","PA"
"2900","IL"
"2901","TX"
"2902","BC"
"2903","ON"
"2904","OH"
"2905","DC"
"2906","DC"
"2907","DC"
"2908","IA"
"2909","PA"
"2910","NY"
"2911","GA"
"2912","PA"
"2913",NA
"2914","LA"
"2915","CA"
"2916","KS"
"2917","CT"
"2918","TX"
"2919","NC"
"2920","NY"
"2921",NA
"2922","US"
"2923","US"
"2924","GA"
"2925","SC"
"2926","CA"
"2927","OH"
"2928","VA"
"2929","Sa"
"2930","PA"
"2931","WA"
"2932","DC"
"2933","DC"
"2934","DC"
"2935","Re"
"2936","NY"
"2937","MA"
"2938","KS"
"2939","DC"
"2940","US"
"2941","SC"
"2942","SC"
"2943","TX"
"2944","GA"
"2945","TX"
"2946","MA"
"2947","CA"
"2948","AB"
"2949","TX"
"2950","TN"
"2951","VA"
"2952","ON"
"2953","Ca"
"2954","OH"
"2955","OH"
"2956","OH"
"2957","MD"
"2958","DC"
"2959","AZ"
"2960","Be"
"2961","Co"
"2962","CA"
"2963","IA"
"2964","IA"
"2965","KS"
"2966","OK"
"2967","TX"
"2968","KS"
"2969","KY"
"2970","KS"
"2971","OH"
"2972","DC"
"2973","KS"
"2974","LA"
"2975","OK"
"2976","OK"
"2977","KS"
"2978","Mi"
"2979","MO"
"2980","MO"
"2981","AB"
"2982","MA"
"2983","NM"
"2984","OK"
"2985","CA"
"2986","KS"
"2987","CA"
"2988","CO"
"2989",NA
"2990","PA"
"2991","ON"
"2992","PA"
"2993","Me"
"2994",NA
"2995","CO"
"2996","TX"
"2997","AL"
"2998","KS"
"2999",NA
"3000","TX"
"3001","US"
"3002","MA"
"3003","DE"
"3004","WI"
"3005","OR"
"3006","US"
"3007","NV"
"3008","NY"
"3009","US"
"3010","WI"
"3011","CA"
"3012","UK"
"3013","Ac"
"3014","TN"
"3015","VA"
"3016","AB"
"3017","GA"
"3018","US"
"3019","Ka"
"3020","NY"
"3021","NY"
"3022","De"
"3023","SD"
"3024","AZ"
"3025","MA"
"3026","TX"
"3027","WA"
"3028","CA"
"3029","OH"
"3030","Ma"
"3031","Ca"
"3032","KS"
"3033","KS"
"3034","TX"
"3035","Ir"
"3036","TX"
"3037","US"
"3038","US"
"3039","CO"
"3040","NY"
"3041","RI"
"3042","MD"
"3043","TX"
"3044","St"
"3045","KS"
"3046","AR"
"3047","MN"
"3048","US"
"3049","CA"
"3050","SC"
"3051","NV"
"3052","CA"
"3053","DC"
"3054","US"
"3055",NA
"3056","OR"
"3057","MD"
"3058","DC"
"3059","IA"
"3060","US"
"3061","TX"
"3062","Ic"
"3063","NJ"
"3064","NY"
"3065","AR"
"3066","AK"
"3067","Co"
"3068","US"
"3069","WV"
"3070","MI"
"3071","MA"
"3072","MO"
"3073","Au"
"3074","TX"
"3075","TX"
"3076","TX"
"3077","DC"
"3078","De"
"3079","GA"
"3080","TN"
"3081","TN"
"3082","US"
"3083","QC"
"3084","KS"
"3085","AZ"
"3086","IL"
"3087","IN"
"3088","CA"
"3089","NY"
"3090","MD"
"3091","TX"
"3092","FL"
"3093","IL"
"3094","TX"
"3095","Sa"
"3096","DF"
"3097","Au"
"3098","KS"
"3099","NJ"
"3100","MO"
"3101","MA"
"3102","NV"
"3103","DE"
"3104","De"
"3105","DC"
"3106","CA"
"3107","CA"
"3108","TX"
"3109","US"
"3110","TX"
"3111","KS"
"3112","AL"
"3113","MI"
"3114","MI"
"3115","NY"
"3116","MS"
"3117","MS"
"3118","NV"
"3119","Mi"
"3120","TX"
"3121","TX"
"3122","NY"
"3123","TX"
"3124","CA"
"3125","NY"
"3126","AR"
"3127","KS"
"3128","WA"
"3129","NY"
"3130","NC"
"3131","NC"
"3132","St"
"3133","CA"
"3134","KS"
"3135","KS"
"3136","TX"
"3137","MI"
"3138","CA"
"3139","NC"
"3140","US"
"3141","NC"
"3142","Bo"
"3143","US"
"3144","Ri"
"3145","CA"
"3146","IL"
"3147","MA"
"3148","OR"
"3149","28"
"3150","RI"
"3151","FL"
"3152","FL"
"3153","CA"
"3154","PA"
"3155","GA"
"3156","AZ"
"3157","NY"
"3158","WA"
"3159","KS"
"3160","NY"
"3161","MN"
"3162","WI"
"3163","FL"
"3164","CO"
"3165","MI"
"3166","KS"
"3167","KS"
"3168","IN"
"3169","NY"
"3170","OK"
"3171","CA"
"3172","Ca"
"3173","Co"
"3174","Co"
"3175","Co"
"3176","FL"
"3177","HS"
"3178","US"
"3179","TX"
"3180","NY"
"3181","DC"
"3182","Co"
"3183","CA"
"3184","AZ"
"3185","CA"
"3186","TN"
"3187","IN"
"3188","OK"
"3189","La"
"3190","CO"
"3191","IN"
"3192","KS"
"3193","GA"
"3194","VA"
"3195","CA"
"3196","CA"
"3197","UK"
"3198","FL"
"3199","Se"
"3200","ON"
"3201","TX"
"3202","UK"
"3203","US"
"3204","NY"
"3205","CA"
"3206","MN"
"3207","NY"
"3208","MD"
"3209","TN"
"3210","PA"
"3211","NV"
"3212","MD"
"3213","US"
"3214","PA"
"3215","PA"
"3216","MN"
"3217","US"
"3218","FL"
"3219","GA"
"3220","OK"
"3221","TX"
"3222","WI"
"3223","LA"
"3224","MD"
"3225","US"
"3226","Ca"
"3227","IA"
"3228","WI"
"3229","CA"
"3230","VA"
"3231","BC"
"3232","US"
"3233","OH"
"3234","KY"
"3235","NV"
"3236","NY"
"3237","KY"
"3238","Po"
"3239","NY"
"3240","FL"
"3241","DF"
"3242","MD"
"3243","US"
"3244","OR"
"3245","ON"
"3246","NY"
"3247","NY"
"3248","OH"
"3249","MD"
"3250","CO"
"3251","AZ"
"3252","TX"
"3253","MO"
"3254","CA"
"3255","KS"
"3256","OR"
"3257","NY"
"3258","PA"
"3259","NC"
"3260","WA"
"3261","US"
"3262","IN"
"3263","KY"
"3264","TX"
"3265","TX"
"3266","CA"
"3267","KY"
"3268","CA"
"3269","TN"
"3270","KS"
"3271","GA"
"3272","FL"
"3273","NY"
"3274","Co"
"3275","SD"
"3276","SD"
"3277","NC"
"3278","KS"
"3279","CT"
"3280","St"
"3281","St"
"3282","IN"
"3283","TX"
"3284","FL"
"3285","VT"
"3286","CO"
"3287","KY"
"3288","TN"
"3289","Ta"
"3290","NY"
"3291","US"
"3292","MA"
"3293","US"
"3294","NY"
"3295","CO"
"3296","NY"
"3297","US"
"3298","NV"
"3299","KS"
"3300","TX"
"3301","CA"
"3302","PA"
"3303","CA"
"3304","US"
"3305","CA"
"3306","IL"
"3307","IN"
"3308","WA"
"3309",NA
"3310","IL"
"3311","TX"
"3312","TX"
"3313","TX"
"3314","KS"
"3315","US"
"3316","PA"
"3317","KS"
"3318","Cr"
"3319","OR"
"3320","a "
"3321","KS"
"3322","KS"
"3323","OH"
"3324","PA"
"3325","IA"
"3326","MA"
"3327","GA"
"3328","OH"
"3329","DE"
"3330","IL"
"3331","Se"
"3332","TX"
"3333","SC"
"3334","Ca"
"3335","PA"
"3336","AB"
"3337","PA"
"3338","PA"
"3339","CA"
"3340","CA"
"3341","CA"
"3342","IL"
"3343","Na"
"3344","Nr"
"3345","NM"
"3346","NM"
"3347","NM"
"3348","NM"
"3349","OH"
"3350","CT"
"3351","FL"
"3352","NY"
"3353","NJ"
"3354","Ri"
"3355","AZ"
"3356","KY"
"3357","NY"
"3358","CA"
"3359","CA"
"3360","NM"
"3361","Se"
"3362","MD"
"3363","US"
"3364","IL"
"3365","OH"
"3366","IN"
"3367","Ri"
"3368","OR"
"3369","KS"
"3370","GA"
"3371","TX"
"3372","NY"
"3373","US"
"3374","OR"
"3375","NY"
"3376","Su"
"3377","ON"
"3378","ON"
"3379","DC"
"3380","CT"
"3381",NA
"3382","LA"
"3383","OH"
"3384","OH"
"3385","TX"
"3386","NY"
"3387","NY"
"3388","US"
"3389","UK"
"3390","CA"
"3391","NC"
"3392","NV"
"3393","WV"
"3394","Ca"
"3395","TX"
"3396","TX"
"3397","CA"
"3398","PA"
"3399","CA"
"3400","MA"
"3401","US"
"3402","CA"
"3403","FL"
"3404","Je"
"3405","IL"
"3406","GA"
"3407","US"
"3408","CA"
"3409","DC"
"3410","CT"
"3411","CA"
"3412","TN"
"3413","MD"
"3414","KS"
"3415","OH"
"3416","LA"
"3417","LA"
"3418","TN"
"3419","MI"
"3420","Au"
"3421","NY"
"3422","MS"
"3423","Au"
"3424","IL"
"3425","US"
"3426",NA
"3427","MO"
"3428","US"
"3429","OH"
"3430","AB"
"3431","CA"
"3432","KS"
"3433","Wo"
"3434","TX"
"3435","IN"
"3436","Se"
"3437","CA"
"3438","TX"
"3439","TX"
"3440","MN"
"3441","WA"
"3442","US"
"3443","Lo"
"3444","AR"
"3445","AZ"
"3446","Se"
"3447","CA"
"3448","LA"
"3449","MB"
"3450","MB"
"3451","Se"
"3452","NY"
"3453",NA
"3454","St"
"3455","St"
"3456","Co"
"3457","MI"
"3458","CA"
"3459","NV"
"3460","TN"
"3461","LA"
"3462","TX"
"3463","WA"
"3464","NC"
"3465","CA"
"3466","KS"
"3467","TX"
"3468","KS"
"3469","IL"
"3470","ME"
"3471","LA"
"3472","KS"
"3473",NA
"3474","OH"
"3475","US"
"3476","CA"
"3477","KS"
"3478","CA"
"3479","ON"
"3480","NC"
"3481","TN"
"3482","TX"
"3483","KY"
"3484","LA"
"3485","OH"
"3486","KY"
"3487","45"
"3488","St"
"3489","OK"
"3490","US"
"3491","OH"
"3492","IN"
"3493","DC"
"3494","TX"
"3495","FL"
"3496","CA"
"3497","UK"
"3498","OH"
"3499","OH"
"3500","NY"
"3501","ON"
"3502","PA"
"3503","OR"
"3504","NC"
"3505","KY"
"3506","Bo"
"3507","OK"
"3508","NM"
"3509","MD"
"3510","KS"
"3511","OH"
"3512","OK"
"3513","UK"
"3514","PA"
"3515","ON"
"3516","ON"
"3517","ON"
"3518","OK"
"3519","ON"
"3520","CA"
"3521","VA"
"3522","WI"
"3523","TX"
"3524","So"
"3525","GA"
"3526","US"
"3527","US"
"3528","TX"
"3529","OH"
"3530","LA"
"3531","PA"
"3532","TX"
"3533","ON"
"3534",NA
"3535","TX"
"3536","FL"
"3537","Co"
"3538","TX"
"3539","NY"
"3540","ON"
"3541","MA"
"3542","CA"
"3543","UT"
"3544","NY"
"3545","CA"
"3546","ON"
"3547","UK"
"3548","KS"
"3549","PA"
"3550","St"
"3551","Du"
"3552","NY"
"3553","TX"
"3554","CA"
"3555","NY"
"3556","OH"
"3557","CA"
"3558","Ca"
"3559","OR"
"3560","OH"
"3561","KS"
"3562",NA
"3563","TX"
"3564","CA"
"3565","OK"
"3566","OH"
"3567","TX"
"3568","MD"
"3569","TX"
"3570","US"
"3571","VA"
"3572","VA"
"3573","Be"
"3574","WA"
"3575","CA"
"3576","MD"
"3577","KS"
"3578","TN"
"3579","PA"
"3580","UK"
"3581","PA"
"3582","TX"
"3583","CT"
"3584","LA"
"3585","NY"
"3586","LA"
"3587","WA"
"3588","CO"
"3589","LA"
"3590","KS"
"3591","De"
"3592","TX"
"3593","MI"
"3594","KS"
"3595","BC"
"3596","TX"
"3597","TX"
"3598","PA"
"3599","US"
"3600","SC"
"3601","CA"
"3602","TX"
"3603","ME"
"3604","KY"
"3605","ID"
"3606","ID"
"3607","ID"
"3608","CA"
"3609","NY"
"3610","IL"
"3611","IL"
"3612","TX"
"3613","TX"
"3614","US"
"3615","Re"
"3616","US"
"3617","NH"
"3618","ON"
"3619","CA"
"3620","Ch"
"3621","Se"
"3622","NE"
"3623","MI"
"3624","MI"
"3625","NY"
"3626","PA"
"3627","KS"
"3628","IL"
"3629","La"
"3630","CA"
"3631","DC"
"3632","KS"
"3633","NY"
"3634","DC"
"3635","20"
"3636","LA"
"3637","KS"
"3638","WA"
"3639","MS"
"3640","IL"
"3641","US"
"3642","AL"
"3643","TX"
"3644","CT"
"3645","FL"
"3646","GA"
"3647","WA"
"3648","Co"
"3649","OR"
"3650","VA"
"3651","VA"
"3652","90"
"3653","CA"
"3654","CA"
"3655","VA"
"3656","AZ"
"3657","AZ"
"3658","US"
"3659","OH"
"3660","CA"
"3661","GA"
"3662","TX"
"3663","CA"
"3664","PA"
"3665","CA"
"3666","OH"
"3667",NA
"3668","St"
"3669","Pa"
"3670","FL"
"3671","NY"
"3672","CA"
"3673","KS"
"3674","NY"
"3675","PA"
"3676","CA"
"3677","Ni"
"3678","St"
"3679","TX"
"3680","Ca"
"3681","PA"
"3682",NA
"3683","WI"
"3684","CA"
"3685","CT"
"3686","IA"
"3687","OR"
"3688","MO"
"3689","64"
"3690","TX"
"3691","KS"
"3692","CT"
"3693","TX"
"3694","AR"
"3695",NA
"3696","LA"
"3697","PA"
"3698","NM"
"3699","US"
"3700","Ma"
"3701","TX"
"3702","CA"
"3703","MO"
"3704","NV"
"3705","NV"
"3706","TX"
"3707","CA"
"3708","OK"
"3709","MN"
"3710","Ch"
"3711","Gh"
"3712","WA"
"3713","NY"
"3714","Se"
"3715","NY"
"3716","St"
"3717","NC"
"3718","US"
"3719","LA"
"3720","ON"
"3721","Se"
"3722","NY"
"3723","PA"
"3724","CO"
"3725","NY"
"3726","CA"
"3727","De"
"3728","PA"
"3729","IL"
"3730","DC"
"3731","NY"
"3732","NY"
"3733","KS"
"3734","MA"
"3735","MD"
"3736","WA"
"3737","OK"
"3738","OH"
"3739","NC"
"3740","KS"
"3741","ON"
"3742",NA
"3743","KS"
"3744","KS"
"3745","KS"
"3746","Se"
"3747","KS"
"3748","CT"
"3749","UK"
"3750","UK"
"3751","NY"
"3752","CA"
"3753","TX"
"3754","KS"
"3755","IN"
"3756","St"
"3757","TX"
"3758","TN"
"3759","US"
"3760","NY"
"3761","CA"
"3762","TX"
"3763","CA"
"3764","MD"
"3765","CA"
"3766","TN"
"3767","KS"
"3768","FL"
"3769","VA"
"3770","KS"
"3771","MA"
"3772","WA"
"3773","NY"
"3774","CA"
"3775","GA"
"3776","TX"
"3777","US"
"3778","KS"
"3779","FL"
"3780","FL"
"3781","TN"
"3782","OK"
"3783","OK"
"3784","ON"
"3785","ON"
"3786","US"
"3787","US"
"3788","NY"
"3789","PA"
"3790","US"
"3791","CA"
"3792","SC"
"3793","US"
"3794","OH"
"3795","LA"
"3796","DC"
"3797","TX"
"3798","KS"
"3799","AR"
"3800","TN"
"3801","PA"
"3802","NY"
"3803","Se"
"3804","97"
"3805","TN"
"3806","SC"
"3807","GA"
"3808","Da"
"3809","LA"
"3810","MI"
"3811","IL"
"3812","TX"
"3813","St"
"3814","OH"
"3815","ON"
"3816","NY"
"3817","NM"
"3818","KY"
"3819","IA"
"3820","NY"
"3821","Sw"
"3822","Mu"
"3823","TX"
"3824","TX"
"3825","OH"
"3826","La"
"3827","US"
"3828","TX"
"3829","US"
"3830","FL"
"3831","US"
"3832","PA"
"3833","NV"
"3834","NY"
"3835","Ma"
"3836","MD"
"3837","FL"
"3838","US"
"3839","TX"
"3840","OR"
"3841","US"
"3842","VA"
"3843","LA"
"3844","Ge"
"3845","OH"
"3846","NY"
"3847","R5"
"3848","SD"
"3849","NY"
"3850","TX"
"3851","WA"
"3852","MS"
"3853","US"
"3854","KS"
"3855","DC"
"3856","KS"
"3857","Mc"
"3858","IN"
"3859","TX"
"3860","46"
"3861","CA"
"3862","US"
"3863","FL"
"3864","NJ"
"3865","TX"
"3866","FL"
"3867","KS"
"3868","KS"
"3869","Mé"
"3870","No"
"3871","CA"
"3872","NY"
"3873",NA
"3874","TX"
"3875","MO"
"3876","IL"
"3877",NA
"3878","CA"
"3879","DC"
"3880","KS"
"3881","KS"
"3882",NA
"3883","TX"
"3884","MD"
"3885","Ch"
"3886","CA"
"3887","AR"
"3888","SC"
"3889","Sw"
"3890","BC"
"3891","NY"
"3892","NV"
"3893","MO"
"3894","IN"
"3895","NY"
"3896","CA"
"3897","CA"
"3898","SC"
"3899","Ir"
"3900","AZ"
"3901","CA"
"3902","NC"
"3903","NY"
"3904","TX"
"3905","Se"
"3906","CA"
"3907","CA"
"3908","PA"
"3909","UK"
"3910","Ri"
"3911","Ri"
"3912","NY"
"3913","TX"
"3914","KS"
"3915","UT"
"3916","UT"
"3917","OH"
"3918","CO"
"3919","WA"
"3920","Mi"
"3921","NY"
"3922","TN"
"3923","VA"
"3924","MO"
"3925","CA"
"3926","CA"
"3927","CA"
"3928","CA"
"3929","NY"
"3930","CA"
"3931","CA"
"3932","TX"
"3933","GA"
"3934","GA"
"3935","CA"
"3936","Ca"
"3937","Op"
"3938","WA"
"3939","TN"
"3940","NV"
"3941","CA"
"3942","KS"
"3943","IA"
"3944","Au"
"3945","CT"
"3946","US"
"3947","NY"
"3948","PA"
"3949","MA"
"3950","OK"
"3951","TX"
"3952","US"
"3953","ON"
"3954","OK"
"3955","MS"
"3956","KS"
"3957","Ki"
"3958","MO"
"3959","NY"
"3960","US"
"3961","OK"
"3962","CA"
"3963","UK"
"3964","KS"
"3965","La"
"3966","La"
"3967","TX"
"3968","NY"
"3969","CA"
"3970","US"
"3971","PA"
"3972","Ur"
"3973","NY"
"3974","Se"
"3975","TX"
"3976","Fr"
"3977",NA
"3978","MA"
"3979","AZ"
"3980","MI"
"3981","US"
"3982","OK"
"3983","It"
"3984","OH"
"3985","AK"
"3986","CA"
"3987","AR"
"3988","CO"
"3989","NE"
"3990","MO"
"3991","NY"
"3992","PA"
"3993","KS"
"3994","KS"
"3995","KS"
"3996","KS"
"3997","UK"
"3998","CA"
"3999","MO"
"4000",NA
"4001","US"
"4002","MO"
"4003","CA"
"4004","NJ"
"4005",NA
"4006","KS"
"4007","CA"
"4008","US"
"4009","Fr"
"4010","IL"
"4011",NA
"4012","Mi"
"4013","OH"
"4014","08"
"4015","PA"
"4016","KY"
"4017","FL"
"4018","FL"
"4019","TX"
"4020","OR"
"4021","VA"
"4022","DC"
"4023","Co"
"4024","FL"
"4025","CA"
"4026","Ra"
"4027","TX"
"4028","RI"
"4029","CA"
"4030","Ge"
"4031","IL"
"4032","FL"
"4033","NY"
"4034","Se"
"4035","No"
"4036","IL"
"4037","Sa"
"4038","UK"
"4039","BC"
"4040","MD"
"4041","AZ"
"4042","IL"
"4043","MA"
"4044","ME"
"4045","Ca"
"4046","WA"
"4047",NA
"4048","CA"
"4049","OK"
"4050","WA"
"4051","DF"
"4052","US"
"4053","CO"
"4054","DC"
"4055","Ir"
"4056","US"
"4057","NJ"
"4058","No"
"4059","FL"
"4060","OK"
"4061","Se"
"4062","CA"
"4063","US"
"4064","CA"
"4065","OH"
"4066","TX"
"4067","CA"
"4068","DC"
"4069","CA"
"4070","AR"
"4071","NY"
"4072","Ok"
"4073","DC"
"4074","Fr"
"4075","KY"
"4076","ON"
"4077","US"
"4078","IL"
"4079","CA"
"4080","Ri"
"4081","US"
"4082","OR"
"4083","TX"
"4084","VA"
"4085","Au"
"4086","AL"
"4087","CA"
"4088","TX"
"4089","US"
"4090","Ir"
"4091","Se"
"4092","NY"
"4093","NY"
"4094","AB"
"4095","US"
"4096","TX"
"4097","TX"
"4098","CA"
"4099","CA"
"4100","DC"
"4101","WA"
"4102","CA"
"4103","NY"
"4104","GA"
"4105","NY"
"4106","TX"
"4107","Сл"
"4108","US"
"4109","Ri"
"4110","De"
"4111","IN"
"4112","US"
"4113","Be"
"4114","KS"
"4115","28"
"4116","28"
"4117","KS"
"4118","IL"
"4119","CT"
"4120","OH"
"4121","TX"
"4122","NY"
"4123","CA"
"4124","DC"
"4125","CA"
"4126","US"
"4127","KS"
"4128","RI"
"4129","TX"
"4130","Mc"
"4131","DC"
"4132","CA"
"4133","GA"
"4134","KS"
"4135","TN"
"4136","CA"
"4137","CT"
"4138","TX"
"4139","UT"
"4140","KS"
"4141","VA"
"4142","KS"
"4143","NM"
"4144","KS"
"4145","KS"
"4146","FL"
"4147","MA"
"4148","CA"
"4149","VA"
"4150","CT"
"4151","CT"
"4152","TX"
"4153","CT"
"4154","CT"
"4155","ID"
"4156","CT"
"4157","KS"
"4158","CT"
"4159","CA"
"4160","CT"
"4161","UK"
"4162","CT"
"4163","CT"
"4164","Ca"
"4165","CT"
"4166","KS"
"4167","KY"
"4168","QC"
"4169","CA"
"4170","ON"
"4171","MI"
"4172","NY"
"4173","IL"
"4174","MA"
"4175","MI"
"4176","MD"
"4177","Sa"
"4178","CA"
"4179","CA"
"4180","KS"
"4181","US"
"4182","CT"
"4183","CT"
"4184","CT"
"4185","CO"
"4186","Mi"
"4187","NJ"
"4188","CT"
"4189","CT"
"4190","CO"
"4191","CA"
"4192","MA"
"4193","US"
"4194","TX"
"4195","De"
"4196","NY"
"4197","KY"
"4198","CT"
"4199","CT"
"4200","CT"
